:020000041008E2
:10000000000008089D550910295B09100D580910BA
:100010002D5B0910315B0910355B091000000000F1
:10002000000000000000000000000000C15809109E
:10003000395B0910000000003D5B0910415B0910AD
:100040005F4A0910854A0910AB4A0910D14A0910C4
:10005000DF4A0910ED4A0910134B0910394B0910FA
:10006000455B0910495B09104D5B0910515B091094
:10007000555B0910595B09105D5B0910615B091044
:1000800088138B138E139213951398139C139F133D
:10009000A213A613A913AC13B013B313B613BA1358
:1000A000BD13C113C413C713CB13CE13D113D51370
:1000B000D813DB13DF13E213E513E913EC13F0138A
:1000C000F313F613FA13FD130014041407140A149F
:1000D0000E141114141418141B141E1422142514B5
:1000E00029142C142F143314361439143D144014CD
:1000F000431447144A144D145114541457145B14E8
:100100005E146214651468146C146F1472147614FF
:1001100079147C148014831486148A148D1490141A
:10012000941497149B149E14A114A514A814AB1432
:10013000AF14B214B514B914BC14BF14C314C6144C
:10014000C914CD14D014D314D714DA14DE14E11466
:10015000E414E814EB14EE14F214F514F814FC147F
:10016000FF140215061509150C1510151315161593
:100170001A151D152015241527152A152E153115AC
:10018000341538153B153F154215451549154C15C5
:100190004F155315561559155D15601563156715DF
:1001A0006A156D157115741577157B157E158115FA
:1001B000851588158B158F159215951599159C1514
:1001C0009F15A315A615A915AD15B015B315B7152F
:1001D000BA15BD15C115C415C715CB15CE15D1154A
:1001E000D515D815DB15DF15E215E515E915EC1564
:1001F000EF15F315F615F915FD150016031607167C
:100200000A160D161116141617161B161E16211691
:10021000251628162B162F163216351639163C16AB
:100220003F164316461649164D16501653165616C7
:100230005A165D166016641667166A166E167116E3
:10024000741678167B167E168216851688168C16FE
:100250008F169216961699169C169F16A316A6161A
:10026000A916AD16B016B316B716BA16BD16C11636
:10027000C416C716CA16CE16D116D416D816DB1653
:10028000DE16E216E516E816EC16EF16F216F5166F
:10029000F916FC16FF160317061709170D17101786
:1002A000131716171A171D172017241727172A17A1
:1002B0002E173117341737173B173E1741174517BD
:1002C00048174B174F175217551758175C175F17DA
:1002D0006217661769176C176F17731776177917F8
:1002E0007D178017831786178A178D179017941715
:1002F00097179A179D17A117A417A717AB17AE1733
:10030000B117B417B817BB17BE17C117C517C81751
:10031000CB17CF17D217D517D817DC17DF17E2176F
:10032000E517E917EC17EF17F317F617F917FC178E
:1003300000180318061809180D18101813181618A5
:100340001A181D182018241827182A182D183118C3
:10035000341837183A183E184118441847184B18E3
:100360004E185118541858185B185E186118651803
:1003700068186B186E187218751878187B187F1823
:100380008218851888188C188F1892189518991843
:100390009C189F18A218A618A918AC18AF18B21864
:1003A000B618B918BC18BF18C318C618C918CC1885
:1003B000D018D318D618D918DC18E018E318E618A6
:1003C000E918ED18F018F318F618FA18FD180019C6
:1003D000031906190A190D191019131916191A19E2
:1003E0001D192019231927192A192D193019331904
:1003F00037193A193D194019431947194A194D1926
:100400005019541957195A195D1960196419671947
:100410006A196D197019741977197A197D1980196B
:10042000831987198A198D199019931997199A198F
:100430009D19A019A319A719AA19AD19B019B319B3
:10044000B719BA19BD19C019C319C619CA19CD19D6
:10045000D019D319D619D919DD19E019E319E619FC
:10046000E919ED19F019F319F619F919FC19001A1F
:10047000031A061A091A0C1A0F1A131A161A191A3D
:100480001C1A1F1A221A251A291A2C1A2F1A321A64
:10049000351A381A3C1A3F1A421A451A481A4B1A8A
:1004A0004E1A521A551A581A5B1A5E1A611A641AB1
:1004B000681A6B1A6E1A711A741A771A7A1A7E1AD7
:1004C000811A841A871A8A1A8D1A901A931A971AFF
:1004D0009A1A9D1AA01AA31AA61AA91AAD1AB01A26
:1004E000B31AB61AB91ABC1ABF1AC21AC51AC91A4F
:1004F000CC1ACF1AD21AD51AD81ADB1ADE1AE11A78
:10050000E51AE81AEB1AEE1AF11AF41AF71AFA1A9F
:10051000FD1A011B041B071B0A1B0D1B101B131BC1
:10052000161B191B1C1B1F1B231B261B291B2C1BEB
:100530002F1B321B351B381B3B1B3E1B411B451B16
:10054000481B4B1B4E1B511B541B571B5A1B5D1B3F
:10055000601B631B661B691B6D1B701B731B761B6B
:10056000791B7C1B7F1B821B851B881B8B1B8E1B97
:10057000911B941B971B9A1B9D1BA11BA41BA71BC4
:10058000AA1BAD1BB01BB31BB61BB91BBC1BBF1BEF
:10059000C21BC51BC81BCB1BCE1BD11BD41BD71B1F
:1005A000DA1BDD1BE01BE41BE71BEA1BED1BF01B4A
:1005B000F31BF61BF91BFC1BFF1B021C051C081C74
:1005C0000B1C0E1C111C141C171C1A1C1D1C201C9F
:1005D000231C261C291C2C1C2F1C321C351C381CCF
:1005E0003B1C3E1C411C441C471C4A1C4D1C501CFF
:1005F000531C561C591C5C1C5F1C621C651C681C2F
:100600006B1C6E1C711C741C771C7A1C7D1C801C5E
:10061000831C861C891C8C1C8F1C921C951C981C8E
:100620009B1C9E1CA11CA41CA71CAA1CAC1CAF1CC0
:10063000B21CB51CB81CBB1CBE1CC11CC41CC71CF6
:10064000CA1CCD1CD01CD31CD61CD91CDC1CDF1C26
:10065000E21CE51CE81CEB1CED1CF01CF31CF61C5A
:10066000F91CFC1CFF1C021D051D081D0B1D0E1D89
:10067000111D141D171D191D1C1D1F1D221D251DBB
:10068000281D2B1D2E1D311D341D371D3A1D3C1DEF
:100690003F1D421D451D481D4B1D4E1D511D541D26
:1006A000571D5A1D5C1D5F1D621D651D681D6B1D5C
:1006B0006E1D711D741D761D791D7C1D7F1D821D93
:1006C000851D881D8B1D8E1D901D931D961D991DCA
:1006D0009C1D9F1DA21DA51DA71DAA1DAD1DB01D02
:1006E000B31DB61DB91DBB1DBE1DC11DC41DC71D3B
:1006F000CA1DCD1DCF1DD21DD51DD81DDB1DDE1D74
:10070000E11DE31DE61DE91DEC1DEF1DF21DF41DAD
:10071000F71DFA1DFD1D001E031E051E081E0B1EE3
:100720000E1E111E141E161E191E1C1E1F1E221E1A
:10073000251E271E2A1E2D1E301E331E351E381E56
:100740003B1E3E1E411E431E461E491E4C1E4F1E92
:10075000511E541E571E5A1E5D1E5F1E621E651ED0
:10076000681E6B1E6D1E701E731E761E791E7B1E0C
:100770007E1E811E841E861E891E8C1E8F1E911E4B
:10078000941E971E9A1E9D1E9F1EA21EA51EA81E89
:10079000AA1EAD1EB01EB31EB51EB81EBB1EBE1EC9
:1007A000C01EC31EC61EC91ECB1ECE1ED11ED41E09
:1007B000D61ED91EDC1EDE1EE11EE41EE71EE91E4B
:1007C000EC1EEF1EF21EF41EF71EFA1EFC1EFF1E8C
:1007D000021F051F071F0A1F0D1F0F1F121F151FC6
:1007E000181F1A1F1D1F201F221F251F281F2A1F09
:1007F0002D1F301F331F351F381F3B1F3D1F401F4C
:10080000431F451F481F4B1F4D1F501F531F551F90
:10081000581F5B1F5D1F601F631F651F681F6B1FD5
:100820006D1F701F731F751F781F7B1F7D1F801F1B
:10083000831F851F881F8B1F8D1F901F931F951F60
:10084000981F9A1F9D1FA01FA21FA51FA81FAA1FA8
:10085000AD1FB01FB21FB51FB71FBA1FBD1FBF1FEF
:10086000C21FC41FC71FCA1FCC1FCF1FD21FD41F38
:10087000D71FD91FDC1FDF1FE11FE41FE61FE91F81
:10088000EC1FEE1FF11FF31FF61FF81FFB1FFE1FCB
:1008900000200320052008200B200D20102012200E
:1008A000152017201A201D201F2022202420272059
:1008B00029202C202F2031203420362039203B20A5
:1008C0003E2040204320452048204B204D205020F2
:1008D0005220552057205A205C205F206120642040
:1008E000662069206B206E2070207320762078208F
:1008F0007B207D2080208220852087208A208C20DC
:100900008F2091209420962099209B209E20A0202B
:10091000A320A520A820AA20AC20AF20B120B4207D
:10092000B620B920BB20BE20C020C320C520C820CF
:10093000CA20CD20CF20D220D420D620D920DB2021
:10094000DE20E020E320E520E820EA20EC20EF2074
:10095000F120F420F620F920FB20FE2000210221C6
:10096000052107210A210C210F2111211321162114
:1009700018211B211D211F2122212421272129216A
:100980002B212E2130213321352137213A213C21C1
:100990003F2141214321462148214B214D214F2117
:1009A00052215421562159215B215E21602162216F
:1009B0006521672169216C216E21702173217521C8
:1009C00078217A217C217F21812183218621882120
:1009D0008A218D218F2191219421962198219B217B
:1009E0009D219F21A221A421A621A921AB21AD21D6
:1009F000AF21B221B421B621B921BB21BD21C02133
:100A0000C221C421C721C921CB21CD21D021D2218E
:100A1000D421D721D921DB21DD21E021E221E421EC
:100A2000E621E921EB21ED21F021F221F421F6214B
:100A3000F921FB21FD21FF210222042206220822A6
:100A40000B220D220F2211221422162218221A2202
:100A50001D221F2221222322252228222A222C2263
:100A60002E22312233223522372239223C223E22C5
:100A7000402242224422472249224B224D224F2229
:100A800052225422562258225A225D225F2261228B
:100A90006322652267226A226C226E2270227222F1
:100AA0007422772279227B227D227F228122842256
:100AB000862288228A228C228E22902293229522BC
:100AC000972299229B229D229F22A222A422A62223
:100AD000A822AA22AC22AE22B022B322B522B7228B
:100AE000B922BB22BD22BF22C122C322C522C822F5
:100AF000CA22CC22CE22D022D222D422D622D8225E
:100B0000DA22DC22DF22E122E322E522E722E922C7
:100B1000EB22ED22EF22F122F322F522F722F92235
:100B2000FB22FD22002302230423062308230A2399
:100B30000C230E23102312231423162318231A2305
:100B40001C231E23202322232423262328232A2375
:100B50002C232E23302332233423362338233A23E5
:100B60003C233E23402342234423462348234A2355
:100B70004C234E23502352235423562358235A23C5
:100B80005C235E23602362236423662368236A2335
:100B90006C236D236F2371237323752377237923AC
:100BA0007B237D237F23812383238523872389231D
:100BB0008B238C238E239023922394239623982394
:100BC0009A239C239E23A023A123A323A523A72309
:100BD000A923AB23AD23AF23B123B223B423B62380
:100BE000B823BA23BC23BE23C023C123C323C523F8
:100BF000C723C923CB23CD23CE23D023D223D42371
:100C0000D623D823DA23DB23DD23DF23E123E323E9
:100C1000E523E623E823EA23EC23EE23F023F12364
:100C2000F323F523F723F923FA23FC23FE230024DF
:100C3000022403240524072409240B240C240E2455
:100C40001024122414241524172419241B241C24D2
:100C50001E242024222424242524272429242B2450
:100C60002C242E24302432243324352437243924D0
:100C70003A243C243E244024412443244524462451
:100C800048244A244C244D244F24512453245424D2
:100C90005624582459245B245D245E246024622455
:100CA00064246524672469246A246C246E246F24D8
:100CB0007124732474247624782479247B247D245D
:100CC0007E248024822483248524872488248A24E3
:100CD0008C248D248F249124922494249624972468
:100CE00099249A249C249E249F24A124A324A424F0
:100CF000A624A724A924AB24AC24AE24AF24B12479
:100D0000B324B424B624B724B924BB24BC24BE2401
:100D1000BF24C124C324C424C624C724C924CA248C
:100D2000CC24CE24CF24D124D224D424D524D72417
:100D3000D824DA24DC24DD24DF24E024E224E324A4
:100D4000E524E624E824E924EB24EC24EE24F02432
:100D5000F124F324F424F624F724F924FA24FC24BF
:100D6000FD24FF2400250225032505250625082549
:100D700009250B250C250E250F25112512251325D8
:100D800015251625182519251B251C251E251F256B
:100D900021252225242525252625282529252B25FD
:100DA0002C252E252F253125322533253525362591
:100DB000382539253B253C253D253F254025422525
:100DC000432544254625472549254A254B254D25BC
:100DD0004E25502551255225542555255625582553
:100DE00059255B255C255D255F25602561256325EB
:100DF00064256625672568256A256B256C256E2583
:100E00006F2570257225732574257625772578251D
:100E10007A257B257C257E257F25802582258325B7
:100E2000842585258725882589258B258C258D2555
:100E30008F259025912592259425952596259825F1
:100E400099259A259B259D259E259F25A025A22590
:100E5000A325A425A525A725A825A925AA25AC2530
:100E6000AD25AE25AF25B125B225B325B425B625D0
:100E7000B725B825B925BA25BC25BD25BE25BF2572
:100E8000C125C225C325C425C525C725C825C92513
:100E9000CA25CB25CD25CE25CF25D025D125D225B8
:100EA000D425D525D625D725D825D925DB25DC255C
:100EB000DD25DE25DF25E025E225E325E425E52502
:100EC000E625E725E825EA25EB25EC25ED25EE25A9
:100ED000EF25F025F125F325F425F525F625F72551
:100EE000F825F925FA25FB25FC25FE25FF250026FA
:100EF000012602260326042605260626072608269E
:100F000009260B260C260D260E260F261026112646
:100F100012261326142615261626172618261926F5
:100F20001A261B261C261D261F26202621262226A1
:100F300023262426252626262726282629262A264D
:100F40002B262C262D262E262F26302631263226FD
:100F500033263426352636263726382639263A26AD
:100F60003A263B263C263D263E263F264026412665
:100F70004226432644264526462647264826492615
:100F80004A264B264C264D264D264E264F265026C9
:100F9000512652265326542655265626572657267E
:100FA000582659265A265B265C265D265E265F2635
:100FB00060266026612662266326642665266626EC
:100FC00067266726682669266A266B266C266D26A4
:100FD0006D266E266F26702671267226722673265F
:100FE00074267526762677267726782679267A2619
:100FF0007B267B267C267D267E267F267F268026D6
:101000008126822683268326842685268626872691
:101010008726882689268A268A268B268C268D2650
:101020008E268E268F26902691269126922693260E
:1010300094269426952696269626972698269926CF
:1010400099269A269B269C269C269D269E269E2691
:101050009F26A026A126A126A226A326A326A42653
:10106000A526A526A626A726A726A826A926A92618
:10107000AA26AB26AC26AC26AD26AD26AE26AF26DC
:10108000AF26B026B126B126B226B326B326B426A3
:10109000B526B526B626B726B726B826B826B92669
:1010A000BA26BA26BB26BC26BC26BD26BD26BE2631
:1010B000BF26BF26C026C026C126C226C226C326FA
:1010C000C326C426C426C526C626C626C726C726C6
:1010D000C826C826C926CA26CA26CB26CB26CC2691
:1010E000CC26CD26CD26CE26CF26CF26D026D0265E
:1010F000D126D126D226D226D326D326D426D4262C
:10110000D526D526D626D626D726D726D826D826FB
:10111000D926D926DA26DA26DB26DB26DC26DC26CB
:10112000DD26DD26DE26DE26DF26DF26E026E0269B
:10113000E026E126E126E226E226E326E326E4266F
:10114000E426E526E526E526E626E626E726E72642
:10115000E826E826E826E926E926EA26EA26EA2617
:10116000EB26EB26EC26EC26EC26ED26ED26EE26ED
:10117000EE26EE26EF26EF26F026F026F026F126C4
:10118000F126F126F226F226F326F326F326F4269C
:10119000F426F426F526F526F526F626F626F62676
:1011A000F726F726F726F826F826F826F926F92650
:1011B000F926FA26FA26FA26FB26FB26FB26FB262C
:1011C000FC26FC26FC26FD26FD26FD26FD26FE2609
:1011D000FE26FE26FF26FF26FF26FF2600270027E5
:1011E00000270027012701270127022702270227BE
:1011F000022702270327032703270327042704279F
:10120000042704270527052705270527052706277F
:101210000627062706270627072707270727072762
:101220000727082708270827082708270927092745
:1012300009270927092709270A270A270A270A272A
:101240000A270A270B270B270B270B270B270B2710
:101250000B270C270C270C270C270C270C270C27F7
:101260000C270D270D270D270D270D270D270D27DF
:101270000D270D270D270E270E270E270E270E27C9
:101280000E270E270E270E270E270E270E270F27B5
:101290000F270F270F270F270F270F270F270F279E
:1012A0000F270F270F270F270F270F270F270F278E
:1012B0000F270F270F270F270F270F270F270F277E
:1012C0000F270F270F270F270F270F270F270F276E
:1012D0000F270F270F270F270F270F270F270F275E
:1012E0000F270F270F270F270F270F270F270F274E
:1012F0000F270F270F270F270F270F270F270F273E
:101300000F270F270F270E270E270E270E270E2732
:101310000E270E270E270E270E270E270E270D2726
:101320000D270D270D270D270D270D270D270D271D
:101330000D270C270C270C270C270C270C270C2714
:101340000C270B270B270B270B270B270B270B270C
:101350000A270A270A270A270A270A270927092707
:101360000927092709270927082708270827082701
:1013700008270727072707270727072706270627FE
:1013800006270627062705270527052705270527FA
:1013900004270427042704270327032703270327F9
:1013A00002270227022702270227012701270127F8
:1013B0000027002700270027FF26FF26FF26FF26FD
:1013C000FE26FE26FE26FD26FD26FD26FD26FC2603
:1013D000FC26FC26FB26FB26FB26FB26FA26FA2605
:1013E000FA26F926F926F926F826F826F826F72609
:1013F000F726F726F626F626F626F526F526F5260E
:10140000F426F426F426F326F326F326F226F22613
:10141000F126F126F126F026F026F026EF26EF261B
:10142000EE26EE26EE26ED26ED26EC26EC26EC2624
:10143000EB26EB26EA26EA26EA26E926E926E8262E
:10144000E826E826E726E726E626E626E526E52638
:10145000E526E426E426E326E326E226E226E12644
:10146000E126E026E026E026DF26DF26DE26DE2651
:10147000DD26DD26DC26DC26DB26DB26DA26DA2660
:10148000D926D926D826D826D726D726D626D62670
:10149000D526D526D426D426D326D326D226D22680
:1014A000D126D126D026D026CF26CF26CE26CD2691
:1014B000CD26CC26CC26CB26CB26CA26CA26C926A4
:1014C000C826C826C726C726C626C626C526C426B9
:1014D000C426C326C326C226C226C126C026C026CD
:1014E000BF26BF26BE26BD26BD26BC26BC26BB26E3
:1014F000BA26BA26B926B826B826B726B726B626FB
:10150000B526B526B426B326B326B226B126B12613
:10151000B026AF26AF26AE26AD26AD26AC26AC262D
:10152000AB26AA26A926A926A826A726A726A62648
:10153000A526A526A426A326A326A226A126A12663
:10154000A0269F269E269E269D269C269C269B2680
:101550009A2699269926982697269626962695269F
:1015600094269426932692269126912690268F26BD
:101570008E268E268D268C268B268A268A268926DE
:101580008826872687268626852684268326832600
:101590008226812680267F267F267E267D267C2623
:1015A0007B267B267A267926782677267726762646
:1015B00075267426732672267226712670266F266B
:1015C0006E266D266D266C266B266A266926682691
:1015D00067266726662665266426632662266126B8
:1015E000602660265F265E265D265C265B265A26E0
:1015F000592658265726572656265526542653260A
:101600005226512650264F264E264D264D264C2634
:101610004B264A264926482647264626452644265E
:1016200043264226412640263F263E263D263C268E
:101630003B263A263A2639263826372636263526B8
:10164000342633263226312630262F262E262D26E6
:101650002C262B262A262926282627262626252616
:10166000242623262226212620261F261D261C2648
:101670001B261A261926182617261626152614267E
:1016800013261226112610260F260E260D260C26AE
:101690000B260926082607260626052604260326E5
:1016A000022601260026FF25FE25FC25FB25FA251E
:1016B000F925F825F725F625F525F425F325F12557
:1016C000F025EF25EE25ED25EC25EB25EA25E8258F
:1016D000E725E625E525E425E325E225E025DF25C8
:1016E000DE25DD25DC25DB25D925D825D725D62502
:1016F000D525D425D225D125D025CF25CE25CD253C
:10170000CB25CA25C925C825C725C525C425C32578
:10171000C225C125BF25BE25BD25BC25BA25B925B5
:10172000B825B725B625B425B325B225B125AF25F3
:10173000AE25AD25AC25AA25A925A825A725A52533
:10174000A425A325A225A0259F259E259D259B2573
:101750009A259925982596259525942592259125B4
:1017600090258F258D258C258B25892588258725F6
:10177000852584258325822580257F257E257C253A
:101780007B257A257825772576257425732572257E
:1017900070256F256E256C256B256A2568256725C4
:1017A000662564256325612560255F255D255C250B
:1017B0005B25592558255625552554255225512553
:1017C00050254E254D254B254A254925472546259B
:1017D00044254325422540253F253D253C253B25E5
:1017E00039253825362535253325322531252F2530
:1017F0002E252C252B25292528252625252524257C
:10180000222521251F251E251C251B2519251825C8
:10181000162515251325122511250F250E250C2516
:101820000B25092508250625052503250225002564
:10183000FF24FD24FC24FA24F924F724F624F424BC
:10184000F324F124F024EE24EC24EB24E924E8240E
:10185000E624E524E324E224E024DF24DD24DC2460
:10186000DA24D824D724D524D424D224D124CF24B4
:10187000CE24CC24CA24C924C724C624C424C32407
:10188000C124BF24BE24BC24BB24B924B724B6245D
:10189000B424B324B124AF24AE24AC24AB24A924B3
:1018A000A724A624A424A324A1249F249E249C240A
:1018B0009A249924972496249424922491248F2462
:1018C0008D248C248A2488248724852483248224BC
:1018D00080247E247D247B24792478247624742417
:1018E000732471246F246E246C246A246924672471
:1018F00065246424622460245E245D245B245924CE
:10190000582456245424532451244F244D244C2429
:101910004A244824462445244324412440243E2488
:101920003C243A24392437243524332432243024E7
:101930002E242C242B242924272425242424222447
:1019400020241E241C241B241924172415241424A9
:10195000122410240E240C240B240924072405240B
:10196000032402240024FE23FC23FA23F923F72373
:10197000F523F323F123F023EE23EC23EA23E823DA
:10198000E623E523E323E123DF23DD23DB23DA233F
:10199000D823D623D423D223D023CE23CD23CB23A5
:1019A000C923C723C523C323C123C023BE23BC230C
:1019B000BA23B823B623B423B223B123AF23AD2374
:1019C000AB23A923A723A523A323A123A0239E23DD
:1019D0009C239A23982396239423922390238E2347
:1019E0008C238B23892387238523832381237F23B0
:1019F0007D237B23792377237523732371236F231F
:101A00006D236C236A236823662364236223602387
:101A10005E235C235A2358235623542352235023F6
:101A20004E234C234A234823462344234223402366
:101A30003E233C233A2338233623342332233023D6
:101A40002E232C232A232823262324232223202346
:101A50001E231C231A2318231623142312231023B6
:101A60000E230C230A230823062304230223002326
:101A7000FD22FB22F922F722F522F322F122EF22A6
:101A8000ED22EB22E922E722E522E322E122DF2216
:101A9000DC22DA22D822D622D422D222D022CE228E
:101AA000CC22CA22C822C522C322C122BF22BD2203
:101AB000BB22B922B722B522B322B022AE22AC2279
:101AC000AA22A822A622A422A2229F229D229B22F1
:101AD000992297229522932290228E228C228A226A
:101AE00088228622842281227F227D227B227922E3
:101AF00077227422722270226E226C226A2267225E
:101B00006522632261225F225D225A2258225622D8
:101B1000542252224F224D224B2249224722442254
:101B2000422240223E223C223922372235223322D1
:101B300031222E222C222A2228222522232221224F
:101B40001F221D221A2218221622142211220F22CD
:101B50000D220B220822062204220222FF21FD214F
:101B6000FB21F921F621F421F221F021ED21EB21D5
:101B7000E921E621E421E221E021DD21DB21D92157
:101B8000D721D421D221D021CD21CB21C921C721D8
:101B9000C421C221C021BD21BB21B921B621B4215C
:101BA000B221AF21AD21AB21A921A621A421A221DF
:101BB0009F219D219B2198219621942191218F2164
:101BC0008D218A2188218621832181217F217C21E9
:101BD0007A2178217521732170216E216C21692170
:101BE00067216521622160215E215B2159215621F7
:101BF000542152214F214D214B214821462143217F
:101C000041213F213C213A21372135213321302107
:101C10002E212B2129212721242122211F211D2191
:101C20001B2118211621132111210F210C210A211A
:101C30000721052102210021FE20FB20F920F620AA
:101C4000F420F120EF20EC20EA20E820E520E3203A
:101C5000E020DE20DB20D920D620D420D220CF20C7
:101C6000CD20CA20C820C520C320C020BE20BB2054
:101C7000B920B620B420B120AF20AC20AA20A820E3
:101C8000A520A320A0209E209B2099209620942070
:101C900091208F208C208A20872085208220802000
:101CA0007D207B2078207620732070206E206B2092
:101CB00069206620642061205F205C205A20572024
:101CC0005520522050204D204B20482045204320B5
:101CD00040203E203B2039203620342031202F2048
:101CE0002C2029202720242022201F201D201A20DC
:101CF00017201520122010200D200B200820052071
:101D000003200020FE1FFB1FF81FF61FF31FF11F0B
:101D1000EE1FEC1FE91FE61FE41FE11FDF1FDC1FA2
:101D2000D91FD71FD41FD21FCF1FCC1FCA1FC71F39
:101D3000C41FC21FBF1FBD1FBA1FB71FB51FB21FD1
:101D4000B01FAD1FAA1FA81FA51FA21FA01F9D1F68
:101D50009A1F981F951F931F901F8D1F8B1F881F01
:101D6000851F831F801F7D1F7B1F781F751F731F9B
:101D7000701F6D1F6B1F681F651F631F601F5D1F36
:101D80005B1F581F551F531F501F4D1F4B1F481FD0
:101D9000451F431F401F3D1F3B1F381F351F331F6B
:101DA000301F2D1F2A1F281F251F221F201F1D1F08
:101DB0001A1F181F151F121F0F1F0D1F0A1F071FA5
:101DC000051F021FFF1EFC1EFA1EF71EF41EF21E48
:101DD000EF1EEC1EE91EE71EE41EE11EDE1EDC1EE9
:101DE000D91ED61ED41ED11ECE1ECB1EC91EC61E87
:101DF000C31EC01EBE1EBB1EB81EB51EB31EB01E27
:101E0000AD1EAA1EA81EA51EA21E9F1E9D1E9A1EC6
:101E1000971E941E911E8F1E8C1E891E861E841E68
:101E2000811E7E1E7B1E791E761E731E701E6D1E09
:101E30006B1E681E651E621E5F1E5D1E5A1E571EAB
:101E4000541E511E4F1E4C1E491E461E431E411E4F
:101E50003E1E3B1E381E351E331E301E2D1E2A1EF2
:101E6000271E251E221E1F1E1C1E191E161E141E96
:101E7000111E0E1E0B1E081E051E031E001EFD1D3C
:101E8000FA1DF71DF41DF21DEF1DEC1DE91DE61DE9
:101E9000E31DE11DDE1DDB1DD81DD51DD21DCF1D8F
:101EA000CD1DCA1DC71DC41DC11DBE1DBB1DB91D35
:101EB000B61DB31DB01DAD1DAA1DA71DA51DA21DDC
:101EC0009F1D9C1D991D961D931D901D8E1D8B1D84
:101ED000881D851D821D7F1D7C1D791D761D741D2D
:101EE000711D6E1D6B1D681D651D621D5F1D5C1DD6
:101EF0005A1D571D541D511D4E1D4B1D481D451D7E
:101F0000421D3F1D3C1D3A1D371D341D311D2E1D28
:101F10002B1D281D251D221D1F1D1C1D191D171DD4
:101F2000141D111D0E1D0B1D081D051D021DFF1C7E
:101F3000FC1CF91CF61CF31CF01CED1CEB1CE81C33
:101F4000E51CE21CDF1CDC1CD91CD61CD31CD01CDD
:101F5000CD1CCA1CC71CC41CC11CBE1CBB1CB81C8D
:101F6000B51CB21CAF1CAC1CAA1CA71CA41CA11C39
:101F70009E1C9B1C981C951C921C8F1C8C1C891CE5
:101F8000861C831C801C7D1C7A1C771C741C711C95
:101F90006E1C6B1C681C651C621C5F1C5C1C591C45
:101FA000561C531C501C4D1C4A1C471C441C411CF5
:101FB0003E1C3B1C381C351C321C2F1C2C1C291CA5
:101FC000261C231C201C1D1C1A1C171C141C111C55
:101FD0000E1C0B1C081C051C021CFF1BFC1BF91B08
:101FE000F61BF31BF01BED1BEA1BE71BE41BE01BBE
:101FF000DD1BDA1BD71BD41BD11BCE1BCB1BC81B75
:10200000C51BC21BBF1BBC1BB91BB61BB31BB01B24
:10201000AD1BAA1BA71BA41BA11B9D1B9A1B971BD7
:10202000941B911B8E1B8B1B881B851B821B7F1B8C
:102030007C1B791B761B731B701B6D1B691B661B3E
:10204000631B601B5D1B5A1B571B541B511B4E1BF4
:102050004B1B481B451B411B3E1B3B1B381B351BA9
:10206000321B2F1B2C1B291B261B231B1F1B1C1B5E
:10207000191B161B131B101B0D1B0A1B071B041B14
:10208000011BFD1AFA1AF71AF41AF11AEE1AEB1AD2
:10209000E81AE51AE11ADE1ADB1AD81AD51AD21A8A
:1020A000CF1ACC1AC91AC51AC21ABF1ABC1AB91A41
:1020B000B61AB31AB01AAD1AA91AA61AA31AA01AF8
:1020C0009D1A9A1A971A931A901A8D1A8A1A871AB1
:1020D000841A811A7E1A7A1A771A741A711A6E1A69
:1020E0006B1A681A641A611A5E1A5B1A581A551A22
:1020F000521A4E1A4B1A481A451A421A3F1A3C1ADB
:10210000381A351A321A2F1A2C1A291A251A221A95
:102110001F1A1C1A191A161A131A0F1A0C1A091A4E
:10212000061A031A001AFC19F919F619F319F0190D
:10213000ED19E919E619E319E019DD19D919D619CC
:10214000D319D019CD19CA19C619C319C019BD1987
:10215000BA19B719B319B019AD19AA19A719A31942
:10216000A0199D199A199719931990198D198A19FF
:102170008719831980197D197A19771974197019BB
:102180006D196A196719641960195D195A19571977
:10219000541950194D194A194719431940193D1935
:1021A0003A193719331930192D192A1927192319F2
:1021B00020191D191A191619131910190D190A19B0
:1021C000061903190019FD18FA18F618F318F01873
:1021D000ED18E918E618E318E018DC18D918D61835
:1021E000D318D018CC18C918C618C318BF18BC18F3
:1021F000B918B618B218AF18AC18A918A618A218B2
:102200009F189C189918951892188F188C18881870
:10221000851882187F187B187818751872186E1830
:102220006B186818651861185E185B1858185418F0
:1022300051184E184B184718441841183E183A18B0
:102240003718341831182D182A1827182418201870
:102250001D181A181618131810180D180918061832
:1022600003180018FC17F917F617F317EF17EC17F8
:10227000E917E517E217DF17DC17D817D517D217BC
:10228000CF17CB17C817C517C117BE17BB17B8177D
:10229000B417B117AE17AB17A717A417A1179D173F
:1022A0009A179717941790178D178A178617831701
:1022B00080177D177917761773176F176C176917C3
:1022C000661762175F175C175817551752174F1785
:1022D0004B174817451741173E173B173717341749
:1022E00031172E172A172717241720171D171A170B
:1022F0001617131710170D17091706170317FF16D0
:10230000FC16F916F516F216EF16EC16E816E51699
:10231000E216DE16DB16D816D416D116CE16CA165D
:10232000C716C416C116BD16BA16B716B316B01620
:10233000AD16A916A616A3169F169C1699169616E4
:1023400092168F168C168816851682167E167B16A8
:102350007816741671166E166A166716641660166D
:102360005D165A165616531650164D164916461631
:1023700043163F163C163916351632162F162B16F5
:102380002816251621161E161B16171614161116BA
:102390000D160A16071603160016FD15F915F61583
:1023A000F315EF15EC15E915E515E215DF15DB154D
:1023B000D815D515D115CE15CB15C715C415C11512
:1023C000BD15BA15B715B315B015AD15A915A615D8
:1023D000A3159F159C159915951592158F158B159D
:1023E0008815851581157E157B1577157415711562
:1023F0006D156A156715631560155D155915561528
:1024000053154F154C154915451542153F153B15EC
:102410003815341531152E152A15271524152015B4
:102420001D151A151615131510150C150915061579
:102430000215FF14FC14F814F514F214EE14EB1446
:10244000E814E414E114DE14DA14D714D314D0140D
:10245000CD14C914C614C314BF14BC14B914B514D4
:10246000B214AF14AB14A814A514A1149E149B1499
:102470009714941490148D148A1486148314801461
:102480007C147914761472146F146C146814651427
:1024900062145E145B145714541451144D144A14EE
:1024A0004714431440143D143914361433142F14B4
:1024B0002C142914251422141E141B14181414147B
:1024C00011140E140A14071404140014FD13FA1343
:1024D000F613F313F013EC13E913E513E213DF1310
:1024E000DB13D813D513D113CE13CB13C713C413D7
:1024F000C113BD13BA13B613B313B013AC13A9139E
:10250000A613A2139F139C139813951392138E1363
:102510008B138813841381137D137A13771373132A
:1025200070136D136913661363135F135C135913F0
:10253000551352134E134B134813441341133E13B8
:102540003A133713341330132D132A13261323137E
:102550001F131C131913151312130F130B13081346
:1025600005130113FE12FB12F712F412F112ED1211
:10257000EA12E612E312E012DC12D912D612D212DB
:10258000CF12CC12C812C512C212BE12BB12B812A0
:10259000B412B112AD12AA12A712A312A0129D1268
:1025A0009912961293128F128C128912851282122E
:1025B0007F127B127812741271126E126A126712F5
:1025C000641260125D125A125612531250124C12BB
:1025D0004912461242123F123C1238123512311281
:1025E0002E122B122712241221121D121A12171248
:1025F000131210120D12091206120312FF11FC1110
:10260000F911F511F211EF11EB11E811E511E111DA
:10261000DE11DB11D711D411D011CD11CA11C611A1
:10262000C311C011BC11B911B611B211AF11AC1167
:10263000A811A511A2119E119B119811941191112D
:102640008E118A118711841180117D117A117611F2
:10265000731170116C116911661162115F115C11B7
:102660005811551152114E114B114811441141117D
:102670003E113A113711341130112D112A11261142
:10268000231120111C111911161112110F110C1107
:10269000081105110211FE10FB10F810F410F110D2
:1026A000EE10EA10E710E410E010DD10DA10D6109A
:1026B000D310D010CC10C910C610C210BF10BC105F
:1026C000B910B510B210AF10AB10A810A510A11022
:1026D0009E109B109710941091108D108A108710E7
:1026E000831080107D1079107610731070106C10AC
:1026F0006910661062105F105C105810551052106F
:102700004E104B104810451041103E103B10371032
:10271000341031102D102A102710231020101D10F6
:102720001A101610131010100C10091006100210B9
:10273000FF0FFC0FF90FF50FF20FEF0FEB0FE80F84
:10274000E50FE10FDE0FDB0FD80FD40FD10FCE0F47
:10275000CA0FC70FC40FC00FBD0FBA0FB70FB30F0B
:10276000B00FAD0FA90FA60FA30FA00F9C0F990FCD
:10277000960F920F8F0F8C0F890F850F820F7F0F8F
:102780007B0F780F750F720F6E0F6B0F680F640F52
:10279000610F5E0F5B0F570F540F510F4E0F4A0F13
:1027A000470F440F400F3D0F3A0F370F330F300FD5
:1027B0002D0F2A0F260F230F200F1C0F190F160F96
:1027C000130F0F0F0C0F090F060F020FFF0EFC0E59
:1027D000F90EF50EF20EEF0EEB0EE80EE50EE20E20
:1027E000DE0EDB0ED80ED50ED10ECE0ECB0EC80EE1
:1027F000C40EC10EBE0EBB0EB70EB40EB10EAE0EA1
:10280000AA0EA70EA40EA10E9D0E9A0E970E940E60
:10281000900E8D0E8A0E870E830E800E7D0E7A0E20
:10282000760E730E700E6D0E690E660E630E600EE0
:102830005D0E590E560E530E500E4C0E490E460E9E
:10284000430E3F0E3C0E390E360E330E2F0E2C0E5D
:10285000290E260E220E1F0E1C0E190E150E120E1C
:102860000F0E0C0E090E050E020EFF0DFC0DF90DDC
:10287000F50DF20DEF0DEC0DE80DE50DE20DDF0DA0
:10288000DC0DD80DD50DD20DCF0DCC0DC80DC50D5D
:10289000C20DBF0DBB0DB80DB50DB20DAF0DAB0D1B
:1028A000A80DA50DA20D9F0D9B0D980D950D920DD8
:1028B0008F0D8C0D880D850D820D7F0D7C0D780D93
:1028C000750D720D6F0D6C0D680D650D620D5F0D50
:1028D0005C0D580D550D520D4F0D4C0D490D450D0C
:1028E000420D3F0D3C0D390D360D320D2F0D2C0DC7
:1028F000290D260D220D1F0D1C0D190D160D130D82
:102900000F0D0C0D090D060D030D000DFC0CF90C3F
:10291000F60CF30CF00CED0CEA0CE60CE30CE00CFE
:10292000DD0CDA0CD70CD30CD00CCD0CCA0CC70CB8
:10293000C40CC10CBD0CBA0CB70CB40CB10CAE0C71
:10294000AB0CA70CA40CA10C9E0C9B0C980C950C2A
:10295000910C8E0C8B0C880C850C820C7F0C7C0CE3
:10296000780C750C720C6F0C6C0C690C660C620C9C
:102970005F0C5C0C590C560C530C500C4D0C4A0C53
:10298000460C430C400C3D0C3A0C370C340C310C0B
:102990002E0C2A0C270C240C210C1E0C1B0C180CC2
:1029A000150C120C0E0C0B0C080C050C020CFF0B7A
:1029B000FC0BF90BF60BF30BF00BEC0BE90BE60B36
:1029C000E30BE00BDD0BDA0BD70BD40BD10BCE0BEB
:1029D000CA0BC70BC40BC10BBE0BBB0BB80BB50BA3
:1029E000B20BAF0BAC0BA90BA60BA20B9F0B9C0B56
:1029F000990B960B930B900B8D0B8A0B870B840B0B
:102A0000810B7E0B7B0B780B750B720B6E0B6B0BBC
:102A1000680B650B620B5F0B5C0B590B560B530B72
:102A2000500B4D0B4A0B470B440B410B3E0B3B0B22
:102A3000380B350B320B2F0B2B0B280B250B220BD6
:102A40001F0B1C0B190B160B130B100B0D0B0A0B8A
:102A5000070B040B010BFE0AFB0AF80AF50AF20A3F
:102A6000EF0AEC0AE90AE60AE30AE00ADD0ADA0AF2
:102A7000D70AD40AD10ACE0ACB0AC80AC50AC20AA2
:102A8000BF0ABC0AB90AB60AB30AB00AAD0AAA0A52
:102A9000A70AA40AA10A9E0A9B0A980A950A920A02
:102AA0008F0A8C0A890A860A830A800A7D0A7A0AB2
:102AB000770A740A710A6E0A6B0A680A650A630A61
:102AC000600A5D0A5A0A570A540A510A4E0A4B0A0A
:102AD000480A450A420A3F0A3C0A390A360A330ABA
:102AE000300A2D0A2A0A270A240A220A1F0A1C0A67
:102AF000190A160A130A100A0D0A0A0A070A040A12
:102B0000010AFE09FB09F809F609F309F009ED09C4
:102B1000EA09E709E409E109DE09DB09D809D50971
:102B2000D309D009CD09CA09C709C409C109BE0919
:102B3000BB09B809B509B309B009AD09AA09A709C4
:102B4000A409A1099E099B0999099609930990096D
:102B50008D098A098709840981097F097C09790916
:102B60007609730970096D096A09680965096209BE
:102B70005F095C0959095609540951094E094B0965
:102B800048094509420940093D093A09370934090C
:102B900031092E092C0929092609230920091D09B3
:102BA0001B091809150912090F090C090A09070957
:102BB00004090109FE08FB08F908F608F308F00803
:102BC000ED08EA08E808E508E208DF08DC08DA08AA
:102BD000D708D408D108CE08CC08C908C608C3084D
:102BE000C008BE08BB08B808B508B208B008AD08F0
:102BF000AA08A708A408A2089F089C089908960894
:102C0000940891088E088B08890886088308800834
:102C10007E087B0878087508720870086D086A08D5
:102C20006708650862085F085C085A085708540876
:102C300051084F084C0849084608440841083E0816
:102C40003B0839083608330831082E082B082808B5
:102C50002608230820081D081B0818081508130853
:102C600010080D080A080808050802080008FD07F2
:102C7000FA07F707F507F207EF07ED07EA07E70797
:102C8000E507E207DF07DC07DA07D707D407D20733
:102C9000CF07CC07CA07C707C407C207BF07BC07CF
:102CA000BA07B707B407B207AF07AC07AA07A70769
:102CB000A407A2079F079C079A0797079407920704
:102CC0008F078C078A078707840782077F077C079F
:102CD0007A077707750772076F076D076A07670737
:102CE000650762075F075D075A07580755075207D0
:102CF00050074D074B0748074507430740073D0767
:102D00003B0738073607330730072E072B072907FD
:102D10002607230721071E071C0719071707140793
:102D200011070F070C070A07070704070207FF062A
:102D3000FD06FA06F806F506F206F006ED06EB06C5
:102D4000E806E606E306E006DE06DB06D906D6065A
:102D5000D406D106CF06CC06CA06C706C406C206EC
:102D6000BF06BD06BA06B806B506B306B006AE067F
:102D7000AB06A906A606A406A1069F069C06990610
:102D80009706940692068F068D068A0688068506A3
:102D9000830680067E067B06790676067406710633
:102DA0006F066C066A0667066506630660065E06C1
:102DB0005B0659065606540651064F064C064A064F
:102DC00047064506420640063D063B0639063606DE
:102DD000340631062F062C062A062706250623066A
:102DE00020061E061B0619061606140611060F06F7
:102DF0000D060A060806050603060006FE05FC0584
:102E0000F905F705F405F205F005ED05EB05E80514
:102E1000E605E405E105DF05DC05DA05D805D5059D
:102E2000D305D005CE05CC05C905C705C405C20527
:102E3000C005BD05BB05B905B605B405B105AF05AF
:102E4000AD05AA05A805A605A305A1059F059C0536
:102E50009A0597059505930590058E058C058905BE
:102E600087058505820580057E057B057905770543
:102E70007405720570056D056B05690566056405C9
:102E8000620560055D055B0559055605540552054B
:102E90004F054D054B0548054605440542053F05D0
:102EA0003D053B0538053605340532052F052D0552
:102EB0002B0529052605240522051F051D051B05D3
:102EC000190516051405120510050D050B05090554
:102ED0000705040502050005FE04FB04F904F704D8
:102EE000F504F204F004EE04EC04EA04E704E5045B
:102EF000E304E104DE04DC04DA04D804D604D304D9
:102F0000D104CF04CD04CB04C804C604C404C20455
:102F1000C004BD04BB04B904B704B504B204B004D2
:102F2000AE04AC04AA04A804A504A304A1049F044D
:102F30009D049B04980496049404920490048E04C7
:102F40008B04890487048504830481047F047C0442
:102F50007A04780476047404720470046D046B04BB
:102F6000690467046504630461045F045C045A0433
:102F7000580456045404520450044E044C044A04A9
:102F800047044504430441043F043D043B04390421
:102F900037043504330430042E042C042A04280496
:102FA00026042404220420041E041C041A04180409
:102FB0001604140412040F040D040B04090407047E
:102FC000050403040104FF03FD03FB03F903F703F6
:102FD000F503F303F103EF03ED03EB03E903E70369
:102FE000E503E303E103DF03DD03DB03D903D703D9
:102FF000D503D303D103CF03CD03CB03C903C70349
:10300000C503C303C103BF03BD03BB03B903B703B8
:10301000B503B303B103AF03AD03AB03A903A70328
:10302000A503A303A203A0039E039C039A03980392
:1030300096039403920390038E038C038A03880300
:1030400086038403830381037F037D037B0379036A
:1030500077037503730371036F036E036C036A03D5
:10306000680366036403620360035E035D035B033E
:10307000590357035503530351034F034E034C03A6
:103080004A03480346034403420341033F033D030D
:103090003B033903370335033403320330032E0374
:1030A0002C032A03290327032503230321031F03DA
:1030B0001E031C031A03180316031503130311033D
:1030C0000F030D030C030A030803060304030303A1
:1030D0000103FF02FD02FB02FA02F802F602F4020B
:1030E000F302F102EF02ED02EB02EA02E802E6026D
:1030F000E402E302E102DF02DD02DC02DA02D802CE
:10310000D602D502D302D102CF02CE02CC02CA022D
:10311000C902C702C502C302C202C002BE02BC028B
:10312000BB02B902B702B602B402B202B102AF02E8
:10313000AD02AB02AA02A802A602A502A302A10246
:10314000A0029E029C029B029902970296029402A0
:10315000920291028F028D028C028A0288028702FB
:1031600085028302820280027E027D027B02790256
:103170007802760275027302710270026E026C02AE
:103180006B02690268026602640263026102600205
:103190005E025C025B02590258025602540253025C
:1031A000510250024E024C024B02490248024602B2
:1031B00045024302410240023E023D023B023A0206
:1031C0003802370235023302320230022F022D025A
:1031D0002C022A02290227022602240223022102AB
:1031E0001F021E021C021B021902180216021502FF
:1031F0001302120210020F020D020C020A0209024F
:10320000070206020402030201020002FE01FD01A0
:10321000FC01FA01F901F701F601F401F301F101F2
:10322000F001EE01ED01EB01EA01E901E701E60140
:10323000E401E301E101E001DE01DD01DC01DA018D
:10324000D901D701D601D401D301D201D001CF01D8
:10325000CD01CC01CB01C901C801C601C501C40122
:10326000C201C101BF01BE01BD01BB01BA01B9016B
:10327000B701B601B401B301B201B001AF01AE01B3
:10328000AC01AB01A901A801A701A501A401A301FB
:10329000A101A0019F019D019C019B019901980141
:1032A0009701950194019301910190018F018D0186
:1032B0008C018B018A0188018701860184018301C9
:1032C000820180017F017E017D017B017A0179010C
:1032D00077017601750174017201710170016F014E
:1032E0006D016C016B016A0168016701660165018E
:1032F00063016201610160015E015D015C015B01CE
:10330000590158015701560155015301520151010C
:1033100050014E014D014C014B014A01480147014A
:103320004601450144014201410140013F013E0186
:103330003D013B013A0139013801370136013401C1
:1033400033013201310130012F012D012C012B01FC
:103350002A01290128012701250124012301220135
:10336000210120011F011E011C011B011A0119016D
:1033700018011701160115011401130111011001A3
:103380000F010E010D010C010B010A0109010801D9
:103390000701060104010301020101010001FF0010
:1033A000FE00FD00FC00FB00FA00F900F800F70049
:1033B000F600F500F400F300F200F000EF00EE007C
:1033C000ED00EC00EB00EA00E900E800E700E600B1
:1033D000E500E400E300E200E100E000DF00DE00E1
:1033E000DD00DC00DB00DA00D900D800D700D60011
:1033F000D500D500D400D300D200D100D000CF003A
:10340000CE00CD00CC00CB00CA00C900C800C70068
:10341000C600C500C400C300C200C200C100C00095
:10342000BF00BE00BD00BC00BB00BA00B900B800C0
:10343000B800B700B600B500B400B300B200B100E8
:10344000B000AF00AF00AE00AD00AC00AB00AA0012
:10345000A900A800A800A700A600A500A400A3003A
:10346000A200A200A100A0009F009E009D009D0060
:103470009C009B009A009900980098009700960085
:1034800095009400940093009200910090009000A9
:103490008F008E008D008C008C008B008A008900CC
:1034A00088008800870086008500850084008300EE
:1034B00082008100810080007F007E007E007D0010
:1034C0007C007B007B007A0079007900780077002F
:1034D000760076007500740073007300720071004E
:1034E000710070006F006E006E006D006C006C006B
:1034F0006B006A006A006900680068006700660087
:1035000066006500640063006300620062006100A1
:10351000600060005F005E005E005D005C005C00BB
:103520005B005A005A0059005800580057005700D5
:1035300056005500550054005300530052005200ED
:103540005100500050004F004F004E004D004D0004
:103550004C004C004B004B004A0049004900480019
:10356000480047004700460045004500440044002D
:1035700043004300420042004100400040003F0041
:103580003F003E003E003D003D003C003C003B0053
:103590003B003A003A003900390038003800370063
:1035A0003700360036003500350034003400330073
:1035B00033003200320031003100300030002F0083
:1035C0002F002F002E002E002D002D002C002C008F
:1035D0002B002B002A002A002A002900290028009D
:1035E00028002700270027002600260025002500A8
:1035F00025002400240023002300230022002200B1
:10360000210021002100200020001F001F001F00BA
:103610001E001E001E001D001D001C001C001C00C2
:103620001B001B001B001A001A001A0019001900C9
:1036300019001800180018001700170017001600CE
:1036400016001600150015001500140014001400D3
:1036500014001300130013001200120012001200D5
:1036600011001100110010001000100010000F00D8
:103670000F000F000F000E000E000E000D000D00D9
:103680000D000D000D000C000C000C000C000B00D8
:103690000B000B000B000A000A000A000A000A00D7
:1036A00009000900090009000900080008000800D5
:1036B00008000800070007000700070007000600D1
:1036C00006000600060006000600050005000500CD
:1036D00005000500050004000400040004000400C7
:1036E00004000400030003000300030003000300C0
:1036F00003000300020002000200020002000200B8
:1037000002000200020002000100010001000100AD
:1037100001000100010001000100010001000100A1
:103720000000000000000000000000000000000099
:103730000000000000000000000000000000000089
:103740000000000000000000000000000000000079
:103750000000000000000000000000000000000069
:103760000000000000000000000000000000000059
:103770000000000000000000000000000000000049
:103780000000000000000000000000000000000039
:103790000000000000000000010001000100010025
:1037A0000100010001000100010001000100010011
:1037B00002000200020002000200020002000200F9
:1037C00002000200030003000300030003000300E3
:1037D00003000300040004000400040004000400CB
:1037E00004000500050005000500050005000600B1
:1037F0000600060006000600060007000700070096
:103800000700070008000800080008000800090079
:1038100009000900090009000A000A000A000A005C
:103820000A000B000B000B000B000C000C000C003E
:103830000C000D000D000D000D000D000E000E001F
:103840000E000F000F000F000F00100010001000FE
:1038500010001100110011001200120012001200DD
:1038600013001300130014001400140014001500BA
:103870001500150016001600160017001700170097
:103880001800180018001900190019001A001A0071
:103890001A001B001B001B001C001C001C001D004C
:1038A0001D001E001E001E001F001F001F00200024
:1038B00020002100210021002200220023002300FB
:1038C00023002400240025002500250026002600D2
:1038D00027002700270028002800290029002A00A7
:1038E0002A002A002B002B002C002C002D002D007C
:1038F0002E002E002F002F002F003000300031004E
:10390000310032003200330033003400340035001F
:1039100035003600360037003700380038003900EF
:1039200039003A003A003B003B003C003C003D00BF
:103930003D003E003E003F003F004000400041008F
:10394000420042004300430044004400450045005B
:1039500046004700470048004800490049004A0027
:103960004B004B004C004C004D004D004E004F00F2
:103970004F005000500051005200520053005300BD
:103980005400550055005600570057005800580085
:1039900059005A005A005B005C005C005D005E004C
:1039A0005E005F0060006000610062006200630012
:1039B00063006400650066006600670068006800D8
:1039C00069006A006A006B006C006C006D006E009C
:1039D0006E006F0070007100710072007300730060
:1039E0007400750076007600770078007900790021
:1039F0007A007B007B007C007D007E007E007F00E3
:103A000080008100810082008300840085008500A1
:103A1000860087008800880089008A008B008C005F
:103A20008C008D008E008F0090009000910092001D
:103A300093009400940095009600970098009800D9
:103A400099009A009B009C009D009D009E009F0095
:103A5000A000A100A200A200A300A400A500A6004F
:103A6000A700A800A800A900AA00AB00AC00AD0008
:103A7000AE00AF00AF00B000B100B200B300B400C0
:103A8000B500B600B700B800B800B900BA00BB0076
:103A9000BC00BD00BE00BF00C000C100C200C2002B
:103AA000C300C400C500C600C700C800C900CA00E2
:103AB000CB00CC00CD00CE00CF00D000D100D20092
:103AC000D300D400D500D500D600D700D800D90047
:103AD000DA00DB00DC00DD00DE00DF00E000E100FA
:103AE000E200E300E400E500E600E700E800E900AA
:103AF000EA00EB00EC00ED00EE00EF00F000F20059
:103B0000F300F400F500F600F700F800F900FA0001
:103B1000FB00FC00FD00FE00FF00000101010201AE
:103B20000301040106010701080109010A010B0153
:103B30000C010D010E010F011001110113011401FF
:103B4000150116011701180119011A011B011C01A9
:103B50001E011F0120012101220123012401250151
:103B60002701280129012A012B012C012D012F01F8
:103B7000300131013201330134013601370138019E
:103B800039013A013B013D013E013F014001410144
:103B90004201440145014601470148014A014B01E8
:103BA0004C014D014E01500151015201530155018B
:103BB00056015701580159015B015C015D015E012D
:103BC00060016101620163016501660167016801CD
:103BD0006A016B016C016D016F017001710172016D
:103BE000740175017601770179017A017B017D010C
:103BF0007E017F01800182018301840186018701AA
:103C000088018A018B018C018D018F019001910146
:103C10009301940195019701980199019B019C01E1
:103C20009D019F01A001A101A301A401A501A7017C
:103C3000A801A901AB01AC01AE01AF01B001B20115
:103C4000B301B401B601B701B901BA01BB01BD01AD
:103C5000BE01BF01C101C201C401C501C601C80145
:103C6000C901CB01CC01CD01CF01D001D201D301DB
:103C7000D401D601D701D901DA01DC01DD01DE0171
:103C8000E001E101E301E401E601E701E901EA0104
:103C9000EB01ED01EE01F001F101F301F401F60198
:103CA000F701F901FA01FC01FD01FE010002010228
:103CB000030204020602070209020A020C020D02B4
:103CC0000F02100212021302150216021802190244
:103CD0001B021C021E021F022102230224022602D2
:103CE000270229022A022C022D022F023002320260
:103CF00033023502370238023A023B023D023E02ED
:103D000040024102430245024602480249024B0278
:103D10004C024E0250025102530254025602580203
:103D200059025B025C025E0260026102630264028D
:103D30006602680269026B026C026E027002710216
:103D4000730275027602780279027B027D027E029E
:103D50008002820283028502870288028A028C0224
:103D60008D028F02910292029402960297029902AA
:103D70009B029C029E02A002A102A302A502A6022F
:103D8000A802AA02AB02AD02AF02B102B202B402B3
:103D9000B602B702B902BB02BC02BE02C002C20236
:103DA000C302C502C702C902CA02CC02CE02CF02B8
:103DB000D102D302D502D602D802DA02DC02DD0239
:103DC000DF02E102E302E402E602E802EA02EB02B9
:103DD000ED02EF02F102F302F402F602F802FA0237
:103DE000FB02FD02FF0201030303040306030803B1
:103DF0000A030C030D030F0311031303150316032A
:103E000018031A031C031E031F03210323032503A6
:103E1000270329032A032C032E0330033203340320
:103E20003503370339033B033D033F03410342039B
:103E30004403460348034A034C034E034F03510314
:103E400053035503570359035B035D035E0360038C
:103E500062036403660368036A036C036E036F0303
:103E6000710373037503770379037B037D037F037A
:103E7000810383038403860388038A038C038E03F0
:103E8000900392039403960398039A039C039E0362
:103E9000A003A203A303A503A703A903AB03AD03D8
:103EA000AF03B103B303B503B703B903BB03BD034A
:103EB000BF03C103C303C503C703C903CB03CD03BA
:103EC000CF03D103D303D503D703D903DB03DD032A
:103ED000DF03E103E303E503E703E903EB03ED039A
:103EE000EF03F103F303F503F703F903FB03FD030A
:103EF000FF03010403040504070409040B040D0473
:103F00000F0412041404160418041A041C041E04DA
:103F1000200422042404260428042A042C042E0449
:103F2000300433043504370439043B043D043F04B2
:103F300041044304450447044A044C044E0450041D
:103F400052045404560458045A045C045F04610487
:103F500063046504670469046B046D0470047204EF
:103F60007404760478047A047C047F048104830456
:103F70008504870489048B048E04900492049404BD
:103F8000960498049B049D049F04A104A304A50423
:103F9000A804AA04AC04AE04B004B204B504B70487
:103FA000B904BB04BD04C004C204C404C604C804EC
:103FB000CB04CD04CF04D104D304D604D804DA044E
:103FC000DC04DE04E104E304E504E704EA04EC04B1
:103FD000EE04F004F204F504F704F904FB04FE0413
:103FE000000502050405070509050B050D0510056B
:103FF00012051405160519051B051D051F052205CB
:104000002405260529052B052D052F053205340528
:10401000360538053B053D053F0542054405460587
:1040200048054B054D054F055205540556055905E4
:104030005B055D05600562056405660569056B0540
:104040006D05700572057405770579057B057E059C
:10405000800582058505870589058C058E059005F7
:104060009305950597059A059C059F05A105A30550
:10407000A605A805AA05AD05AF05B105B405B605A9
:10408000B905BB05BD05C005C205C405C705C90501
:10409000CC05CE05D005D305D505D805DA05DC0558
:1040A000DF05E105E405E605E805EB05ED05F005AE
:1040B000F205F405F705F905FC05FE050006030603
:1040C000050608060A060D060F0611061406160652
:1040D00019061B061E0620062306250627062A06A5
:1040E0002C062F0631063406360639063B063D06F9
:1040F00040064206450647064A064C064F0651064C
:104100005406560659065B065E066006630665069B
:1041100067066A066C066F067106740676067906EF
:104120007B067E0680068306850688068A068D063F
:104130008F0692069406970699069C069F06A1068E
:10414000A406A606A906AB06AE06B006B306B506DB
:10415000B806BA06BD06BF06C206C406C706CA062A
:10416000CC06CF06D106D406D606D906DB06DE0677
:10417000E006E306E606E806EB06ED06F006F206C4
:10418000F506F806FA06FD06FF060207040707070C
:104190000A070C070F0711071407170719071C0751
:1041A0001E0721072307260729072B072E0730079D
:1041B0003307360738073B073D07400743074507E6
:1041C00048074B074D0750075207550758075A072E
:1041D0005D075F076207650767076A076D076F0777
:1041E0007207750777077A077C077F0782078407BE
:1041F00087078A078C078F079207940797079A0704
:104200009C079F07A207A407A707AA07AC07AF0749
:10421000B207B407B707BA07BC07BF07C207C4078E
:10422000C707CA07CC07CF07D207D407D707DA07D3
:10423000DC07DF07E207E507E707EA07ED07EF0717
:10424000F207F507F707FA07FD0700080208050857
:1042500008080A080D0810081308150818081B0894
:104260001D0820082308260828082B082E083108D6
:104270003308360839083B083E0841084408460818
:1042800049084C084F085108540857085A085C0858
:104290005F086208650867086A086D087008720898
:1042A000750878087B087E088008830886088908D6
:1042B0008B088E0891089408960899089C089F0816
:1042C000A208A408A708AA08AD08B008B208B50853
:1042D000B808BB08BE08C008C308C608C908CC088F
:1042E000CE08D108D408D708DA08DC08DF08E208CD
:1042F000E508E808EA08ED08F008F308F608F90808
:10430000FB08FE080109040907090A090C090F093D
:104310001209150918091B091D0920092309260975
:1043200029092C092E093109340937093A093D09AF
:1043300040094209450948094B094E0951095409E8
:10434000560959095C095F096209650968096A0922
:104350006D0970097309760979097C097F0981095A
:10436000840987098A098D09900993099609990991
:104370009B099E09A109A409A709AA09AD09B009C9
:10438000B309B509B809BB09BE09C109C409C70900
:10439000CA09CD09D009D309D509D809DB09DE0935
:1043A000E109E409E709EA09ED09F009F309F60969
:1043B000F809FB09FE09010A040A070A0A0A0D0A9C
:1043C000100A130A160A190A1C0A1F0A220A240ACA
:1043D000270A2A0A2D0A300A330A360A390A3C0A01
:1043E0003F0A420A450A480A4B0A4E0A510A540A31
:1043F000570A5A0A5D0A600A630A650A680A6B0A64
:104400006E0A710A740A770A7A0A7D0A800A830A98
:10441000860A890A8C0A8F0A920A950A980A9B0AC8
:104420009E0AA10AA40AA70AAA0AAD0AB00AB30AF8
:10443000B60AB90ABC0ABF0AC20AC50AC80ACB0A28
:10444000CE0AD10AD40AD70ADA0ADD0AE00AE30A58
:10445000E60AE90AEC0AEF0AF20AF50AF80AFB0A88
:10446000FE0A010B040B070B0A0B0D0B100B130BB1
:10447000160B190B1C0B1F0B220B250B280B2B0BE0
:104480002F0B320B350B380B3B0B3E0B410B440B08
:10449000470B4A0B4D0B500B530B560B590B5C0B38
:1044A0005F0B620B650B680B6B0B6E0B720B750B66
:1044B000780B7B0B7E0B810B840B870B8A0B8D0B90
:1044C000900B930B960B990B9C0B9F0BA20BA60BBF
:1044D000A90BAC0BAF0BB20BB50BB80BBB0BBE0BE8
:1044E000C10BC40BC70BCA0BCE0BD10BD40BD70B14
:1044F000DA0BDD0BE00BE30BE60BE90BEC0BF00B3F
:10450000F30BF60BF90BFC0BFF0B020C050C080C64
:104510000B0C0E0C120C150C180C1B0C1E0C210C89
:10452000240C270C2A0C2E0C310C340C370C3A0CB2
:104530003D0C400C430C460C4A0C4D0C500C530CDB
:10454000560C590C5C0C5F0C620C660C690C6C0C04
:104550006F0C720C750C780C7C0C7F0C820C850C2B
:10456000880C8B0C8E0C910C950C980C9B0C9E0C53
:10457000A10CA40CA70CAB0CAE0CB10CB40CB70C7A
:10458000BA0CBD0CC10CC40CC70CCA0CCD0CD00CA1
:10459000D30CD70CDA0CDD0CE00CE30CE60CEA0CC7
:1045A000ED0CF00CF30CF60CF90CFC0C000D030DEB
:1045B000060D090D0C0D0F0D130D160D190D1C0D0B
:1045C0001F0D220D260D290D2C0D2F0D320D360D30
:1045D000390D3C0D3F0D420D450D490D4C0D4F0D54
:1045E000520D550D580D5C0D5F0D620D650D680D7A
:1045F0006C0D6F0D720D750D780D7C0D7F0D820D9C
:10460000850D880D8C0D8F0D920D950D980D9B0DC0
:104610009F0DA20DA50DA80DAB0DAF0DB20DB50DE3
:10462000B80DBB0DBF0DC20DC50DC80DCC0DCF0D06
:10463000D20DD50DD80DDC0DDF0DE20DE50DE80D29
:10464000EC0DEF0DF20DF50DF90DFC0DFF0D020E49
:10465000050E090E0C0E0F0E120E150E190E1C0E65
:104660001F0E220E260E290E2C0E2F0E330E360E86
:10467000390E3C0E3F0E430E460E490E4C0E500EA8
:10468000530E560E590E5D0E600E630E660E690EC9
:104690006D0E700E730E760E7A0E7D0E800E830EEA
:1046A000870E8A0E8D0E900E940E970E9A0E9D0E0A
:1046B000A10EA40EA70EAA0EAE0EB10EB40EB70E2A
:1046C000BB0EBE0EC10EC40EC80ECB0ECE0ED10E4A
:1046D000D50ED80EDB0EDE0EE20EE50EE80EEB0E6A
:1046E000EF0EF20EF50EF90EFC0EFF0E020F060F86
:1046F000090F0C0F0F0F130F160F190F1C0F200FA0
:10470000230F260F2A0F2D0F300F330F370F3A0FBD
:104710003D0F400F440F470F4A0F4E0F510F540FDC
:10472000570F5B0F5E0F610F640F680F6B0F6E0FFB
:10473000720F750F780F7B0F7F0F820F850F890F18
:104740008C0F8F0F920F960F990F9C0FA00FA30F36
:10475000A60FA90FAD0FB00FB30FB70FBA0FBD0F54
:10476000C00FC40FC70FCA0FCE0FD10FD40FD80F71
:10477000DB0FDE0FE10FE50FE80FEB0FEF0FF20F8E
:10478000F50FF90FFC0FFF0F0210061009100C10A7
:104790001010131016101A101D10201023102710BF
:1047A0002A102D103110341037103B103E104110DC
:1047B000451048104B104E105210551058105C10F8
:1047C0005F106210661069106C1070107310761014
:1047D00079107D108010831087108A108D10911031
:1047E000941097109B109E10A110A510A810AB104C
:1047F000AF10B210B510B910BC10BF10C210C61067
:10480000C910CC10D010D310D610DA10DD10E01083
:10481000E410E710EA10EE10F110F410F810FB109D
:10482000FE100211051108110C110F1112111611B1
:1048300019111C112011231126112A112D113011CB
:10484000341137113A113E114111441148114B11E5
:104850004E115211551158115C115F116211661100
:1048600069116C117011731176117A117D1180111B
:10487000841187118A118E119111941198119B1135
:104880009E11A211A511A811AC11AF11B211B61150
:10489000B911BC11C011C311C611CA11CD11D0116B
:1048A000D411D711DB11DE11E111E511E811EB1183
:1048B000EF11F211F511F911FC11FF11031206129B
:1048C00009120D121012131217121A121D122112B0
:1048D000241227122B122E123112351238123C12CA
:1048E0003F124212461249124C12501253125612E3
:1048F0005A125D126012641267126A126E127112FD
:10490000741278127B127F128212851289128C1215
:104910008F129312961299129D12A012A312A7122F
:10492000AA12AD12B112B412B812BB12BE12C21248
:10493000C512C812CC12CF12D212D612D912DC1262
:10494000E012E312E612EA12ED12F112F412F7127B
:10495000FB12FE120113051308130B130F1312138E
:10496000151319131C131F13231326132A132D13A6
:104970003013341337133A133E13411344134813BF
:104980004B134E135213551359135C135F136313D8
:10499000661369136D137013731377137A137D13F2
:1049A00081138413000800080008000801080108AA
:1049B00001080108010801080108010801080108AF
:1049C00001080108010801080108010801080008A0
:1049D000000800080008FF07FF07FF07FE07FE07A3
:1049E000FE07FE07FE07FE07FE07FD07FD07FD07A2
:1049F000FD07FC07FC07FC07FC07FC07FB07FB07A0
:104A0000FB07FB07FA07FA07FA07F907F907F9079F
:104A1000F907F907F907F807F807F807F807F8079B
:104A2000F807F807F807F807F807F907F907F9078B
:104A3000F907F907F907F907F907F907F907F90776
:104A4000F907F907FA07FA07FA07FA07FA07FA0760
:104A5000FB07FB07FB07FB07FB07FC07FB07FF0741
:104A60000008FF0700080008000800080008000808
:104A700000080008000800080008000800080008F6
:104A800000080008000800080008000800080008E6
:104A900000080008000800080008000800080008D6
:104AA00000080008000800080008000800080008C6
:104AB00000080008000800080008000800080008B6
:104AC00000080008000800080008000800080008A6
:104AD0000008000800080008000800080008000896
:104AE0000008000800080008000800080008000886
:104AF0000108010801080008000800080008000873
:104B0000010801080008010801080108000801085F
:104B10000108010801080108010800080008000850
:104B2000000800080108010801080108010801083F
:104B30000008010801080108010800080008010830
:104B40000108000800080008000801080108010821
:104B5000010801080108000801080108010801080E
:104B6000000800080108010801080008FF07000804
:104B70000008FF07FF07FF07FF07FF07FF07FF0703
:104B8000FE07FF07FF07FF07FF07FF07FF07FF07F6
:104B9000FF07FF07FF07FF07FF07FF07FF07FF07E5
:104BA000FF07FF07FF07FF07FE07FE07FE07FE07D9
:104BB000FE07FE07FF07FF07FF070008FF07FF07C5
:104BC000FF07FF07FF07FF070008FF0700080008AF
:104BD000FF07FF0700080008000800080008010898
:104BE0000008010800080008000800080108010882
:104BF0000108010801080108020802080208020869
:104C00000108020802080308030803080308030850
:104C1000030802080208020803080408040804083C
:104C20000308040803080308040804080408040827
:104C30000408040804080408030804080308030817
:104C40000308030804080408040804080408030807
:104C500003080308030803080208030803080308FD
:104C600003080308020802080008010800080108F8
:104C70000108010800080108010801080008FF07F1
:104C8000FE07FE07FF07FF07FF0700080008FF07F2
:104C9000FF07FF07FE07FD07FC07FD07FE07FE07EE
:104CA000FE07FD07FC07FC07FB07FC07FB07FB07EC
:104CB000FA07FB07FC07FC07FD07FC07FC07FA07E0
:104CC000F907F907F807F707F807FA07FB07FD07E1
:104CD000FE07FD07FC07FB07FB07F907F907F907C4
:104CE000FB07FE070008FC07F807F207EF07F307CA
:104CF000FA07020807080408FE07F307E907E307B5
:104D0000E207E907F307FF0708080C080B08090882
:104D1000FD07F407EC07E707E207E507EC07FF07E5
:104D2000130828082A0820080608E807D407C70738
:104D3000D707E90707081708240820080B08EB071E
:104D4000D307C607C707D907FB070E083008350881
:104D50002D081C080808FC07E207E207CC07E30758
:104D6000F4071908260822081F08F207F007D107E0
:104D7000E107D807FA070B080F082F0806081108E3
:104D8000E507EA07E007E507F1071B08180815081B
:104D9000190809080A08FC070708F407E8070108CA
:104DA0000408FE07F907F607EA07FE071E080508CC
:104DB0001108E507E407D3070B081D083C08FC07AA
:104DC000F307CE07CE07110825081F082108DA07C8
:104DD000FD07E207D507230816081E081E0801086C
:104DE000DB07E407CA070D082708FC073008F807A7
:104DF0003A08D507E907E1070B08EF071A08F20799
:104E00000108F60731086608CC07E207C207BA07AF
:104E100016083D0827082308E407ED071608DB07F6
:104E20000A080508F2071208E0070A081208050830
:104E3000FB073408EA071C08FF07E107C507CF078F
:104E40004708230843080D080A08ED07BD07FC07BB
:104E5000E2070D08F707510823081F080508040892
:104E6000A107FA07D0070A08420832086608E007D7
:104E7000BF07E507E40714080208EC074308260803
:104E800026080F08AE07EC07C4073908EB077208BD
:104E9000F607C1078608B907D707C6073108CB0749
:104EA000740815081D080408C307B2070508EF07B2
:104EB0003D0883080F08A707F507B1070708EE07A5
:104EC00062082708F8072408D507CB079E073E0885
:104ED0005C082408E707C907D8076708CE07120847
:104EE000ED07DF075A080A0899071A080308D907C7
:104EF000C408A0071208B907AE074E082D0813080A
:104F0000D5072008CE076308BE073808DA07F00780
:104F1000C1071708030832084608E7074B08AC0723
:104F2000C207EC07D2078C08C6073C08FC077208CA
:104F30006D07F307A3073408360862085908AC0761
:104F40009707D1071B08F0071908150893080808E8
:104F50003D086F07D3075B078E089D07EE08010821
:104F60006A08A707BA07DF07F307BD075908C8078C
:104F7000EB0881072D089B0751080E08860751088A
:104F8000D5075A08CD07DD075D083408D807D307D1
:104F9000C6073F08B5072D085A083E08D207C007C4
:104FA000F4070008DB07DD075C085A082508D90765
:104FB000CE079307EC0742088F07DF08EF07340896
:104FC000C507E5079C072B08D80725084908D80717
:104FD0004608F3078F072108A0074308360847084B
:104FE0001508EB07D9077807FC07F7071A088608A2
:104FF000C707A508D407CC079A07F30747077D081A
:105000003E086F0874089307A3070308AE078008DB
:10501000580724088108F807650877073E085207F3
:105020003508C607FA078208DD075C084E08B40792
:105030008C07E4077C077508DA0723086E08EB077E
:105040000D08F107DF07A007F6070E08FF07130892
:10505000F007F7072408FF07570882071E08C20752
:105060005208AB07E3071B08FE070D08FA072508DF
:10507000F4078607FF076308F207F0070208130822
:105080001E089F07C907E807FD073D084B08FC07F6
:10509000E707EE07C5071C086B0724081F08C207AF
:1050A0009E088107A808A80799072D08A207F807F6
:1050B000210820080608FF07CF0709089007F40712
:1050C000F4074D081A08FA07D4070408A207EC07EA
:1050D0001F080D081E08DA073008D307DC07CE07C3
:1050E000CF0738081208EB0740081E08C907BA079F
:1050F000C0070C08E4073F08D8075908D407D707AA
:105100002B08B4070508D30727081508B207F107CD
:10511000C8072B081D0836082C08C5079407A507E3
:10512000CF072B080F0819087308F1070208DA07E0
:10513000B407B5071B08C5072F0824081E081B085D
:10514000F207C307C907C4078D0733081E082208E2
:105150003608E707F207DB07CA07F2070808EE0779
:10516000D6073408E4072E08CC0722080908F00700
:10517000C507F0070E080308E007F007FC07EF0774
:10518000050822082B08FE07EE07A207DE07C00766
:1051900002083B0811082E082F08C507F2078E07E2
:1051A000D507C907E407400834083F08060819086E
:1051B000EE07C007E807BF07DB070B080F08180852
:1051C0000B080608EC072008F2070908EC070F088F
:1051D0002A081F08E4071A080B081808ED07030837
:1051E000450815083208FC071B08E207CD07F6073B
:1051F00006081C0817081D081D081B08EA07E30716
:105200002908FB071708240819081008DD07D80724
:105210002508DB070C080B0807080308D607E0077A
:10522000B907B407AE079E07CB07E507AB07A8078A
:105230006D077B0753074A076A07670796079707B3
:10524000A707A9077B0771076E077907A607B607A7
:10525000D2070708030821083D085E087B08870875
:105260009308C408E608F108080904091509150996
:1052700000092B093B093209340922092A092609A8
:10528000E508D608C408A3088C0866084E08350847
:105290000A08DC07C6079A07890765073907230745
:1052A0000D07E906AF0686065D0644064306390685
:1052B0004E06590658065F065B067006820687068C
:1052C000A206AD06CF06D506F806150743076E07FA
:1052D000A307D20717084F088408A608E5080309A2
:1052E0003A09440951095E0962095B0950093F09FD
:1052F00037092D092A09320937092E092B09150901
:105300000209F608D408BE08B2088F088508750897
:105310006C086F0862085A084E08420847084F0890
:105320004A084508320821081508FC07DD07CA07A6
:1053300094078507550726071007F206E206D506EB
:10534000CB06BB06B506A2069A0690068A06870615
:105350008E069406B206C906F10614073A076D07D1
:105360009E07CD070208330867089708BB08CB08DB
:10537000E308EC08F6080709FA08F908F108E90853
:10538000F708EF08F408E708DA08DA08D408CC08C8
:10539000C908C108B808B408AC08A808AB08A70831
:1053A000A508AB089A089E08960894089B088F08E1
:1053B000930885088808770864084D082A080E08AD
:1053C000E407BB079E0766073F071907EC06D706E9
:1053D000A7068A0670065A064D06420647063F068D
:1053E0004C065306680676068B06A306C506E80635
:1053F000220746078707A907E6071C0840086B082D
:105400008708A408C308D108E408F50802090B09B5
:105410000C0911090709130905090509F908E40828
:10542000E208D408CA08BC08AC0898089A0883089F
:105430008A0883088F0893089808A608A808BA085D
:10544000AD08C708BB08BB08A308AA08A308A6089C
:105450008108770860084A082C080308E407B107A8
:105460007E0747071207E606AA067E06550630069F
:105470001306040608060C060F0628063706520611
:1054800071069406B306CC06F2061C07450774079E
:105490009B07DA070808330867089408CC08EB086C
:1054A0000A091F092F09390941093C09320929094B
:1054B0001F090709F408E808DC08CD08B808A408A3
:1054C000AB089A08A0089508990893088F089A08CD
:1054D00093089608850889087D087B086F0871087D
:1054E0006C08650866086608690860085B08550866
:1054F0004D08310816080008D707AB0772074E079A
:105500001107EC06B40692066F06580644063B06E1
:1055100037063B06480654066B067906A106B20616
:10552000CE06E20601072B074A0768079807BF0760
:10553000F507200851087E08A508CC08E508F408FE
:10554000080917092109150914090709F808EF08BE
:10555000D308C808B208A4089708940892089608C7
:105560009E089D08A208A808B008AC08AC08A808C6
:10557000AA0898088B0886087C087D086C087508BE
:10558000750878087A087F087A0878087208600831
:105590004C082E080208DC07A80772074007060718
:1055A000CF06AB0681066906530644064206350659
:1055B0003E064C06600672068B06A506C306DD068F
:1055C00003072307440760079007B807E2070208AC
:1055D000330860088308A408D008F108FB080A090A
:1055E000080918090A090709FD08F508DC08CB08AD
:1055F000B5089D089A0884087B086B08640867084A
:1056000071087D08880894089C089D089F08A908CF
:10561000A708AC08A308A0089C08A108A908A60828
:10562000A308A40897089308730866084708220887
:10563000F707CF079F0773073E070F07E106B50679
:105640009A0672065C0646064306380644064D0670
:1056500065066F0689069406B606C106E406FD06D1
:105660001507310757077F07AD07DC0717084708FD
:105670007708A908DA08030921093509430945090A
:105680004109360922091109F608DD08C308AE08E8
:1056900097088C0877086E0865086908620873081F
:1056A0007108800883088A0892088F088F0892087A
:1056B0008E08860886088208880888087F0884087B
:1056C000750876085908500833081B08FB07D807E7
:1056D000B107880758073207FC06D706B9069606B1
:1056E0007F06660663065F0663066B067906830619
:1056F0009806A206C606D106F8060807290742073B
:1057000071079507C907EB07210849086F08A50825
:10571000C508EC080209180924091B0925091709FD
:105720000709EB08D708BC089E0893087B08720895
:105730006C086D086A087208720880087C08860880
:10574000870883088A088B088C088C088C088F08C7
:105750008B088C088F088F088F08860881086708D7
:105760005D083F081D08F307CD079D077107430734
:105770002307FB06DE06B906A406890680067B061B
:1057800071066C067006800686069B06A706C20692
:10579000D706F3061A07390772079307D107F007F0
:1057A0002C0857087E08A208C208DE08EB08FA0891
:1057B000FA08F808F508E608D708C708B408AA08E0
:1057C0008F088408730873086B0869086D087008EF
:1057D00075087E0881088308850889088A088E086C
:1057E0008E088F08980898089B08A008A208A308AC
:1057F000A7089E08940884087108530831080C080B
:10580000E507BC07930768074F072A071107EF064C
:10581000DC06C106B6069F0695068A0690068A062D
:105820009806AA06C006E406060732075E078F0739
:10583000C507F60723084E086D089608A308C00898
:10584000C508D908D908E008E308E008E708E00837
:10585000DF08DA08D508C908C508B208AD089808F5
:105860009008790877086808640863085D0862088A
:10587000670871086A087B08790881087E087F0834
:105880007A0871086A085108420822080708E607E2
:10589000C3079F07830769074D07380728071C07B9
:1058A0000E070207F206EA06DD06D506CE06C60694
:1058B000C806CF06DE06EF0608072E0751077E074B
:1058C000A207CC07EA0715082A084A0854087308F3
:1058D00077088B088A089A089F08A608AF08AF08BF
:1058E000BB08B408B808AF08B108A008A708920818
:1058F000950885088E088108810882088308890830
:105900008A0892089708A108A608AD08AB08A6085F
:105910009B08930875085D083D081C08FB07D6071F
:10592000B707920780075D074C07370723071B0758
:105930000B070407EC06EA06D506D606C906D0060C
:10594000D606EF06FE0624073B0766078D07AC0761
:10595000CD07E90708081608300835084D08520831
:10596000620869087E0887089908A108B508B60882
:10597000AF08AF08A5089B08930882087F08750840
:105980006E087108680863085708560849084808EF
:10599000440841084908400843083F083B082B08D1
:1059A000260812080608EC07D807C907AD079A07AA
:1059B000860776075E075C074E07500742073C07DD
:1059C00030072E0725072B07320740074D075007E2
:1059D0006D0783079D07A607B407BF07C707DA0748
:1059E000F107F307FB0705081008270835084508E5
:1059F000510860086A086D086F086F0868086D082C
:105A000072087B087808850893089608A4089A0805
:105A10009E089608960898088F087B0878085C0806
:105A200057084D08460833082B0813080408F607E2
:105A3000DE07C707AF0799078607840778077A0745
:105A400060076107560752074E074807430742079A
:105A50004507550761075B076D07730787079507BC
:105A60009E07B807CD07D007E907F50708080F0814
:105A7000190834083108450848085B085F086F08B2
:105A80006D08780877087E087B088408790878080C
:105A9000740873086D08600859084A083808250812
:105AA00021082408220812081F08140814080408F2
:105AB000FD07EC07DE07CE07C407D807BF07C707F7
:105AC000C107C607B607C307B407B307AF079C07EC
:105AD000AE07A107A907A007C007BA07CC07C307ED
:105AE000D507CF07CB07E307DC07D707EE07F20799
:105AF000FF071008080826081F0820081B082508AB
:105B00001808270810081908120820082308220876
:105B10002E0835082B083C08290829082A080808F7
:105B2000160811080E08FD07150817081E08350885
:105B30003308300816082408F207FC07E507D807E1
:105B4000ED07FA07FE072508FE07FA071708FC0706
:105B50001208F507EA07D307DA07D7071608F00790
:105B60000A08F3070A08090801080A080508ED07EA
:105B7000DC07F9070508F0071B08F10713082308DD
:105B8000FE07FD070B081B080B0822080508140870
:105B900014080A081F080D0824080408F807FD0760
:105BA0001E0800080E080B080E0812080608070851
:105BB000FB072208F70707081108FD07F307270866
:105BC000FF070D080708160802080D080F08E90767
:105BD000F107CF07FF071408E6072E08FD07140892
:105BE0002F08F3071B08F307F907EC0701080E0855
:105BF0000B08070829081C081E082908F4070608CE
:105C0000D1071B08D007FE071808E4072A08110867
:105C100016080508F707F407EA07EF070208FE076A
:105C2000FE070D081A0801083008070810082408A4
:105C3000FB0700080008C7072108CA072D081E082F
:105C4000FE071808FB07D4070408EF07E307FC0763
:105C5000CC071A08FE0712082E08EB071F080D08CC
:105C6000F207F4071208CE070408F50705082A080A
:105C70000E081908FB07E5071508F007C707E9072D
:105C80000408FF07FF073B08F4071D08FF07E907A3
:105C9000FF071208EF070808F607FA07F3072608B8
:105CA0002608D5072E08D907E307F507FC07DA070A
:105CB0003008EB071308E507F4070D08C807ED07E0
:105CC000EA07EB0717080508FB0709082008E307A0
:105CD0000208FC070408EF07EE071308FA071A0882
:105CE000F607F907EA07EA07FC070B08FC07F007C5
:105CF000FE070D08F007DF071C08E307F207C407DB
:105D0000EE07FB0701082508CA072508FC07E60778
:105D1000E4072308CA072608C7071E080508020863
:105D2000F607EE07E307F8070308F9070A08DB0799
:105D30000008F107FC07F3070A08FB07E90700085A
:105D4000EB071608F8071008F507D6072008ED0737
:105D5000F1071E08FB07F307FF07D7071108F50730
:105D60001308C8071B08F9071608E5071808F707FE
:105D7000FC070808F307F6071708F407FB071308E2
:105D8000E2073008E307E7071308D9071D08E20711
:105D9000DF072F08E8070C08E2072A08E107EF07EA
:105DA000F0070208F5071608030807081108EB07B3
:105DB000F7071208F8070408F007F6071508F207B6
:105DC0000208FC071A08DB07100802080008E307AE
:105DD0001A08D907F4071B08FC07F6071508E3079C
:105DE000F0072808FF07D8070B081008E0071B0872
:105DF000030809081D081E08C1072E08E0071B0834
:105E0000F507FA07FD07F607EC0701080B0803087A
:105E1000F907F2070008F407EA071D08D907280860
:105E2000E6071808F6072208EE07F9070308050831
:105E3000D8072108DC070608E2072208EB07270835
:105E4000FC07F907E407F6070F08F90703080C0831
:105E5000FE072108F907FA071E08E5070208EF0701
:105E6000FD071808F4071508DB072008F407F807F2
:105E70001008E2070C080A08FB07FE0703080508DC
:105E8000EA070F08E2072E08DE073508D9071F08C2
:105E9000EC07FE07F4070A08F2072308DA072908C7
:105EA000E60714080008F6070808F00703080808C2
:105EB000FC07FF071708FD07F6070308F8070708A0
:105EC0000F081808CD072E08DB07FE07F80717088C
:105ED00005080B081408E8071008E4070A08DC079F
:105EE0002508FB0703081108E4072808E4070C0845
:105EF000F4070708F307F6071908E6072508EC0773
:105F0000FF07F007070804080108FF070E08030849
:105F1000F907F207F007000806081208E807330837
:105F2000D8071208EB07FD07FB071F08D007320848
:105F30000708FA0701080408FA0702080A08E9072F
:105F40001708F8070A081308F20708080108F007FD
:105F50001808FF070B0815080A08EC071708F707C9
:105F600004081608FA07F7072308EB071608F907CD
:105F7000EC0717080208FC072508FD0711080F08A1
:105F8000EF0700081908FB07FA07FA070A08F707DE
:105F90002008DD072208ED071708FB071208FE0797
:105FA0001408D6070D080E08F2070B081608F607A6
:105FB00002080208E8070908F207070803080A08A8
:105FC00005080E08F3070608F007F8070808010897
:105FD000080817080108ED070E08F107EB0701088C
:105FE0000008F4072408F1070F08ED070908040862
:105FF000DA071308030801081508FD070E08E10772
:106000000608D807190802081408EF07FD07F0076B
:1060100004080008ED071E08FC07F2070908EF074F
:106020002408F007DC070A08D1071608FB07180840
:10603000FB070608E907FA07FA070A08F107160836
:10604000DF071108ED070D080608FA07D907FF0753
:106050000308F3071208F1071108EF07F307080810
:10606000FF070708ED07DC07FF07040804080E0810
:10607000F707FE07EF07E7070A0810080108F90706
:10608000DC070108FA072708ED070E08EC07E3070D
:10609000F407F90707082008EF07F107F807F807E2
:1060A0000608FD07EC0706080A08DF071908E407D9
:1060B0000E08E0070108E00718080308FB07FB07C4
:1060C000F907FC07ED07F507FE07F607FE07F507DA
:1060D000EF071008F3071308E507FF07EA07DB07D8
:1060E000200806080808FF07F607D507EC0713087D
:1060F0000808FE070708E507EE07F7071708F70780
:10610000FB070C08DE07E6071D08E6070A08ED078F
:10611000E107DA07FE07E507E507FA07E8070908D8
:10612000F407FE07FF070908F807FA07F407FD0759
:106130000508EA07F2072708EB07F207E407F90763
:10614000FE070608F107D907FD07ED07CD07EF07A2
:10615000E407DC07EB07CF0716081108FE07030862
:10616000E7070D080908F407E407EA07DE07E40774
:10617000D707F607EA07F607F607D307EC07E407A1
:10618000DD07CD07DC07EF07D107D807D707D3070F
:106190000108F007EF07DB07F407F7070008EF0730
:1061A000E907DB07CF07D007D7070108F307DC07AC
:1061B000DA07DB07FC07F907E807EA07D307F9075F
:1061C000E407E407F407DD07E907DB070708210810
:1061D00027080D08F407030818080C081508080814
:1061E0000C08EA07E207B107D607C007BB07C907D3
:1061F000B207B6079B077F0794079F07B20793076D
:1062000093078E079307A5079707AB07A107990781
:10621000A0079A07B807D107D907F407FC07340885
:1062200041088C08C308010925095A096A09BC09F3
:10623000DE09E509F809D809A50978093309F5083F
:10624000F20895082D08AA078C070207FA06D5065A
:10625000BA06AD068B064D067906A706C006D60619
:1062600027075D0745074B070A075F078E078F075C
:10627000830756070D07D006C606140734077A07AA
:106280002D075707AB071B0881081109BF09F00943
:106290002D0A4C0A8F0ABD0A0B0BE80AEB0A850A85
:1062A000390A81093A09EC087F08E1077007E1061D
:1062B00064063C06D6050806090616060906080601
:1062C0005C069B060D077F07C507150828081208FE
:1062D00040082C08500834080008B5074D0721076E
:1062E000D1060707030717070D0709074A07C7075E
:1062F0003D08E10871090D0A2A0A6C0AC00A1D0B43
:10630000550B5F0B2F0BDE0A980A060AAC094909E8
:10631000D1083608990713079B06240611061106B3
:106320000E06FB05E5050F0637069606CB06360773
:106330008807EB071A081B084D08430850083A085D
:106340000D08DB075F071F07EB06B406A00656061D
:106350003A0664066306C106FC0698072E08B408D0
:106360007A09E909750AE40A120B690B8F0B620BB3
:10637000620B000BC30A180A86090C095E080208A2
:106380005907DD0663061C06020609060106180603
:1063900004061D066306B7062D076C07C30725080C
:1063A0002B085B085E08490872081408D6077007B6
:1063B0004907FD06B10657064A06270616062306B4
:1063C0005E06FC062B07A50768081B09B709340AF7
:1063D000870A030B400B450B720B5D0B4C0BCD0A70
:1063E0004B0ADD095A09E30827089F075907B70632
:1063F00062063F062D065A062806260653066C0638
:10640000AF0600078F07BD07E107190860086D0890
:106410007F0825083108E907A10748072807DB0698
:1064200089063806040636064A066D06B006480791
:10643000C5074F0805098C09260A970AD20A1E0BC0
:10644000430B3F0B500B070BBD0A300A9609250979
:106450009A081D087407B10683063E061506DB057B
:10646000B605BB05B005CB0502067906A6060907E9
:106470005B07C107E90712085B084F084508EF07EB
:1064800096078F0769070707BF0652062A060D06FB
:10649000E60522066A06B506030782074208DE08FB
:1064A0009309100A6A0AFC0AF20A430B550B550BB2
:1064B000430BC70A580AD1095309C3082A08A00781
:1064C000200789063E0618060806D505AB05CA054D
:1064D000EE0518066806B1064C077A07CE071808BD
:1064E0005408A208920865086A082308DE07C10755
:1064F00074072807D0068006490643067B06AC06CB
:10650000FF064007CF075808F0089509340A8D0A9E
:10651000E50A290B5A0B7F0B860B590B150B8B0ABF
:10652000200A8B0915096C08FF076107FC066D0638
:106530003C063506E105AB05B405BB050F0649066B
:106540006906EF0628078507C507080846085108A9
:106550002A082B08E907E2078D0761070507BA0635
:10656000560639062E065C069106A106FE06AB0706
:10657000FC07A9084E09D109310A730ACE0A250B76
:106580001D0B0C0BF00AC90A510ADA094609E20888
:106590006F08CD074607EE06840653060806D805A1
:1065A000CB05B605D60508064C068206CE062207A0
:1065B0009A07E20715083B08510859085C081408B7
:1065C0000808D4079E075307E006BA06AA069006F5
:1065D000A406B306F3064307B4071608AC0835094A
:1065E0008A09D509650AAD0AD70ABD0AC80AE50AAB
:1065F000B10A380AD9097B092409A3081108BC0784
:106600005E07FF06BC066C064C063306FE05240634
:106610003E067A0670069F06260786079707BC0780
:10662000D1070A081A081908D407BF07C307860745
:106630003C07F306E306D606BB06E406E6062C078F
:106640006F0701084608BA0831098909EF095C0A91
:10665000730AAE0AB10AAC0AAF0A7E0A2A0ABB095B
:106660003609FD089108E10792071407E406A2061F
:106670000E06E805F105C105D405C405090639066D
:106680005B06BC0629074D077D07A507C907F90763
:106690001608C107CD07DC07C907710732072B07AA
:1066A00020070F070E073A075F079C070A084F08E5
:1066B000C30810096209BA091C0A4A0A560A730A71
:1066C000830A6E0A6E0AFA09B3095309F908BA086F
:1066D0002708D00776073F07F206A5066706540687
:1066E000320633062A066A0667069B06D80627077F
:1066F0006B076D078F07B407CC07F307C307B50710
:10670000B80790078C074C072E0730070707360796
:10671000400772079607F807460896080F093409DC
:106720007C09C309140A550A270A350A430A6B0A69
:10673000070AB70969092409E60886081008C2078C
:1067400084071B07F806A6068C0649063A0640068B
:106750006F0662065406C406FC0643072C07590759
:106760006907A807AB079D0786078B0777078C0784
:10677000600726074E0728075A0776078207D607BD
:1067800016085E08D2081F095A099709CA09300A73
:10679000460A310A310A470A570A1B0A86095C0968
:1067A0003109CC0870080308C10787071E07F406E3
:1067B000B2067A066A064606470666064906710666
:1067C0009306FA06240719074C0760079507AE07DA
:1067D0009107950792078E079F077207680745077D
:1067E000640771078A079507D6070E086408B8087A
:1067F000EE081E095F09B309EE09ED09010A140A42
:106800001B0A350AF1099B096C092B09E808A50840
:106810004308EC07A20772073407ED06A1069B06A2
:1068200080066C067B064C067D06B806F606FF065B
:1068300010072F076B076E078D07A3079F079007A9
:106840008F07D007A80784077B07B407B407CA07D8
:10685000C007FE075808AF08D108EE0815096F09F0
:10686000A409AA09C409D209E609EB09E009AF099C
:10687000720951090209CC08940833080E08B307BD
:10688000940761071407CF06BE06A3069B0683067E
:1068900067066D06B006EB06DB06CB0602071E0791
:1068A0002B072A0749073D0745075907580765077A
:1068B0003B076F0783078607AC07BB070808630819
:1068C0009808C908FA082C0989099B09B709DF0942
:1068D000E009F209FC09E309C009B00955091D09DD
:1068E000DF08C00863082D08C807A1077C071F0739
:1068F000DE06C1069A068B06780640065F06760617
:10690000AA06A106A206BF06E4060C0709071D0792
:10691000480761076A078D078107AF07BF07F607BA
:10692000DD070508480870089608B008EB08250937
:106930003C09210957096F098C095B094809680955
:10694000630934090209E408C908A0086D08300881
:106950002A080108DF0796079207660753071E07F4
:106960000C070C07EB06D406E406E706FE06010753
:10697000E70610070D072C07460733075D07830757
:10698000A107B407BC07CC0709081508220831087D
:106990006A087C088C08AF08B808CA08CE08C60880
:1069A000C008C208B508BA08A008AC08990884084D
:1069B000790862084C085A082C083F0824080D087A
:1069C0001A08FC07DF07E007CE07C707BD07A407C3
:1069D0008F07870795079307950799078F078907FB
:1069E00081078B079F07AB07B507A907B607BC0749
:1069F000D107E207F607F807F807FD0705080908B9
:106A00002F083F084F08470832083208370839086E
:106A100042084A0852084A083B08370824082D084B
:106A200034083308370823081B081A080D081E0805
:106A300015080B080408EF07EB07EC07DE07F8075B
:106A4000EE07EB07E507D607D007D707E307E90707
:106A5000EE07EF07E507ED07F007EA07FD07010876
:106A6000FF070208000804080708070812081F08A3
:106A70001108150806080E0807080C080F08120868
:106A800008080D0802080708FF0708080608090893
:106A9000090802080108060806080708040804088F
:106AA00001080108FC07F807FF07FC07F807F807CB
:106AB000F607F407F207F107F407F807F807FA07F3
:106AC000FE07F707FB07FB07000806080908090887
:106AD0000C0809080F080D080C080F080F080D080E
:106AE0000A080A080A08060804080408FE07FE0740
:106AF000FC07FC07FD07FB07FA07F907FA07FA0787
:106B0000FC07FD07FD07FE07FF07FD07FB07FC0766
:106B1000FB07F907FA07FA07FB07FC07F907FA076B
:106B2000F807F907FB070008FF0702080208020838
:106B30000308040808080C080A080C0809080B08D0
:106B40000B080C080E080C080B08080805080508B7
:106B5000030802080308FE07FE07FC07FB07F90706
:106B6000FC07F807FB07FA07F907FA07FB07FB071B
:106B7000FD07FD07FB07FB07FC07FA07FC07FB0700
:106B8000FD07FE07FD07FC07FC07FB07FD07FD07E8
:106B90000108020803080508060805080708080890
:106BA00009080B080C080B080B080A080A080A0851
:106BB0000B080A0809080808050803080208FF0767
:106BC0000008FF07FC07FB07F907F807F807FA07B3
:106BD000F807F707F707F607F807FA07FB07FD07B7
:106BE000FC07FB07FA07FB07FA07FC07FC07FD0792
:106BF000FC07FD07FC07FD07FF0700080108010867
:106C00000108020803080308050805080708070823
:106C100006080708060807080808070806080608FF
:106C200004080408030801080108FF07FF07FC0720
:106C3000FC07FB07F907FA07F907FA07F907FA074C
:106C4000F907FA07FA07FA07FB07FB07FB07FB0739
:106C5000FC07FB07FC07FB07FC07FC07FC07FC071E
:106C6000FC07FD07FD07FE07FE07FE07FE07FF07FF
:106C7000FF07FF07000800080008010800080008D7
:106C8000000800080108000800080008FE07FE07C9
:106C9000FD07FD07FD07FC07FC07FA07FA07FA07DF
:106CA000FA07FA07FB07FA07FA07FA07FA07FB07DA
:106CB000FB07FB07FB07FB07FD07FC07FD07FC07BE
:106CC000FD07FD07FE07FE07FD07FE07FE07FE079F
:106CD000FD07FE07FD07FE07FD07FE07FE07FE078F
:106CE000FE07FF07FF070108000801080008010868
:106CF0000208020802080208010801080108010848
:106D00000108000801080008000800080008FF0743
:106D1000FF07FF07FF07FF07FF07FF07FF07000841
:106D20000008010801080108010802080208020819
:106D30000208020802080208020801080108020805
:106D400001080108010801080108010802080208F9
:106D500002080208020802080308030803080308DF
:106D600003080208030803080308030802080208CE
:106D7000020801080108000800080108FF070008D0
:106D8000FF07FF07FF07FF070008FF070008FF07CF
:106D90000008000800080108010800080008FF07B3
:106DA000000800080008010800080008FF070008A4
:106DB000FE07FE070008FE07FF0701080208030898
:106DC000040801080008FD07FE070208000808087B
:106DD000070806080108FC07FC07FF070208060869
:106DE000090808080408FD07FD07FF070408040850
:106DF0000308FF07FA07FD07010807080B08090841
:106E00000408FC07F207F607FC07020810081B0835
:106E1000180815080608EF07FA07F707F9070F081B
:106E20001C08170822081608FD07F307E507E30703
:106E3000060808080B081408F907FA07FE07F70701
:106E40000208F607ED07F407EB07FE070A080B0830
:106E500013081008F807F507E907EB07FB072108F7
:106E6000160821081108FE0704080208FA07060898
:106E7000E907F607E407F6070308090811080608FA
:106E8000F707FA07EE07EC07EC07E407FA07F40741
:106E9000F807120802080608FF07F307F807FF07BC
:106EA00007081C082D08220812080308DA07DE0765
:106EB000EB07F607210814081D081508FF07FB0754
:106EC000FB07F307F507DF07E707E807F907F70709
:106ED0001108FD07F507F207E407F70704080F0894
:106EE0001008FF07F907E407F00707080C081B085C
:106EF00036081D080F080A08DF07EE07CA07E9076A
:106F0000DE07F907EA07F507F3070E08000820086F
:106F100003081408EF07EF07C907D807B307EA0704
:106F2000D007F707F10707080108350826083608D3
:106F300034080408DA07B807AC07A607D507EC073A
:106F40001D0837083D083F08290816080C08EC07FB
:106F5000F207F007FC07E3070208E207FA07FF075A
:106F600011080E08240801080008DB07C807DA0723
:106F7000CC07F8070108FC070508F507FC0703081C
:106F8000F6070C080A08FA071808E607F107FF07D2
:106F9000E507F807FA0703080D08E707E907E70719
:106FA000CD07EB070E08010817081208EB07EF07DB
:106FB000FB07E307F1070B08F9071008150810088D
:106FC0000C08FF07F907F107FF0705080B080B0876
:106FD0000E08FE07E507EE07F907EB07F107FB07C9
:106FE000EF07FB07FD07F107EB071808FB0706088B
:106FF0001208FC07F2070608DC07F3070608020878
:10700000FB070508F1070B08EC07F807F607FA0776
:10701000E7071008DD07F207ED07CF07F0071408B0
:10702000120813082B080C080008EA07F2070908E1
:1070300010081508160805080D08CE07AD07CE077D
:10704000EE07DF0732080F0822080308EA07E10706
:10705000FA07080824082708380823080108E80761
:10706000CD07D507D8071D084E0852083508FD077B
:10707000B707AA07A607D607FF0741082D08380853
:1070800025080708E307E607F00700080F0844088B
:1070900022080708D107C507C407EB07FD070A0840
:1070A000420822080908DA07E007C307C8070908E9
:1070B0000E0819081D08E207EE07E907E907E807C7
:1070C00027083208310824081E08F207DA07B40737
:1070D000BC07FE0719085708550845083108D307AB
:1070E000AE07C3079D07BA07DF070108260859083E
:1070F0001E080608D707CE07D007D807DB07F80712
:10710000FD070B08190812082D08250804080B08AC
:107110000108E307FB07C507EE07F007F1070908B9
:10712000260826080E08EF07BC07A407BE07CA07F3
:10713000050832081C081F0822080C080F08CC0795
:10714000B707CA07A207D3072208490894084808C6
:107150000908D107880762076D07B2071F085B0897
:10716000790877082E08ED07A007A7079E07C30731
:10717000D1071C084C0867082808EF07BD07A207BD
:10718000C107CE0726082A08400826082308E50775
:10719000BB07B507BC07F6071F08250844084B08BE
:1071A00058082908ED079B078E077407FE071D087E
:1071B0004F08950875084D08FF079D07A10794071C
:1071C000AD07EE0712085C088408440842082E0840
:1071D000F207C8079907A6070B08380840084108B6
:1071E0001208FD07BB07D307C407FB07FC073B08D2
:1071F0004D087B081908F907BC079B07CF07E00774
:10720000320863085308560820080208E407B50747
:10721000BC07DD07EA071708F0070808F807FF07AB
:107220002508400838082508D307FA07F107D607CC
:10723000F607DE07EF074B0847088B0870081A08A7
:10724000CE07C807A107D707F007F10744084C0885
:107250005C0815080708DD07CF07EE07B307E2074C
:10726000DD07F007090848084C087D084708FC07B7
:10727000DF079E07AE07BF07C7070D083808750868
:10728000520837080A08CE07A307BB077007B407E0
:10729000F00709084908A0086F086708020898075E
:1072A0009D076D078007E0073E086308BA0880085D
:1072B00058083008BC07920770078E07AE07E90729
:1072C00029085B086B0876080508D807A607800719
:1072D000A307D207FA073E0849084F0853081108C8
:1072E0000F08C607B9079707C007EB070F08300854
:1072F0005F08380849081E08FD07F007CD07C007DA
:10730000DA07EC070A0807083408160807080E0809
:10731000FF07FC07FD07D907F4070808DA07EA07A3
:10732000E307FC0707080A081308180816080908E5
:10733000FB07E607EF07DB07F207F907160829083E
:10734000390824080908DB07C607CC07D607F40765
:10735000F20711083D0845081808F607D507E107A8
:10736000D607F20715081F08420833081A08210833
:10737000FB07DC07DB07E807F107F907F707020857
:10738000F1072E081A081B081808F407DB07F40792
:10739000D707E707D307E607060820082A082C08BE
:1073A0000008DB07B607A607AF07C907F507F5070B
:1073B0002B0855083C0831081A08DF07E907E007E1
:1073C000CE07F5070B0810082D08440844082D08BF
:1073D0002108F9070508E507D907D507DA07EF07F8
:1073E0001F0840084A0847080F08FF07CF07D607BD
:1073F000B507B607D507020812083C0826081D087D
:10740000FC07DF07BB07BC07D707F4070C083808E1
:107410003E0834082108F607D407D707C907DF0755
:10742000030835084A084A083F082A080108D00717
:10743000BF07BF07D507FB0710083B084E085008D9
:1074400038081408EF07BA07A907B807D707EB07EA
:1074500028083008490832081208EC07CC07B7079B
:10746000B807CB070008180825082B081A080108D8
:10747000F507E907DD07EE070008070816082208E8
:107480000E0818081108FC07FC0701080A08120872
:10749000290827082B083B0829081F0819080D0888
:1074A0000B081A0813081E081B081D08FB07EC0729
:1074B000E107C007C607C307C907C707C807BE0754
:1074C000B70798078A077A077E0783079C07BD07D7
:1074D000D307E607F307EF07E607D607E007EA0753
:1074E00017084E088008A808B908C108A80890081D
:1074F00095087B089708B608C308F708F408D6086B
:10750000D4088F08560833081A08170811082008ED
:107510001608EA07C30762071707E506A8069F06CD
:10752000B706C006CD06E206DA06C106BF06CE06DD
:10753000DB061E074D079B07ED07350860088E0820
:10754000B008D308EC08200940094D097B097409EB
:1075500080097709730978096F0968096109490980
:107560002509E008B8088E0861082B081D08E50702
:1075700095074907FE06A90674063D0627062D064F
:107580002C0626062C063A0634063E066F06CD0665
:107590000D077F07C6071F085A0875087F08BA0835
:1075A000DD08FF084A097F099609A9099D0985098F
:1075B0006C09560952095B097B096D0974096A094E
:1075C0002B09E308B7086D08440816080108BE0730
:1075D00073071F07C6066F063606D605D305D705FF
:1075E000C705EB05F3051A0611063B067306BD0633
:1075F00016077F07CF07420868089708AB08D60828
:10760000EC080609380969096D097D097D095909E0
:1076100052093F09430952096409670972096C0953
:107620004E091209DD08A60867083C081508CC07B2
:107630008E073007EB0696064E061006DE05D005CF
:10764000D605DB05FF050F062C0657068B06C70679
:107650000F077107C7070E08490885089708C20871
:10766000D30807092A094109560969095A094F0926
:107670002909420935093F094F094C096209520994
:107680002C092109D908AD0889085A0843080D08B2
:10769000B50768071A07A5066D062206F205ED056F
:1076A000E005DD05FA05FD05170638067606B6067F
:1076B00019077007D107200866089108A608C508B1
:1076C000DE08F7081D0926095B093E0950091E0955
:1076D0000D090809F608EB082F09340940094A0981
:1076E00028092309F108C508B5088E0863082F0882
:1076F000D807A5073207CD06850634061606E2052B
:10770000EC05E405D7050106EE051E0660068B06AE
:10771000E9064C07AA07FE07400872089808B8084F
:10772000D208EF080F09300937093409350908096B
:10773000E608DD08E908F508FF08400947094D0992
:107740004C0922091609E908C708BE08A6088408DA
:107750002308D60789070907A7067F063C062306E4
:107760000006FD05F705DD05E905E0053406890697
:10777000AF0632079407EF071B085A0877088E08F0
:10778000B408C808F008190920091B091B091109C8
:10779000ED08B708D908F408EC083B0927094D099A
:1077A0005509250931090909F808DB08AD08A708BA
:1077B0005D08F007A1074007C5067A063F06F905F0
:1077C000F905D605C505CB05C205D405EE0543066A
:1077D0008A06F3065507CB07050852087808A5085E
:1077E000B008D608080913093509380921092609FE
:1077F000F708CC08DA08C208F5080209260950097A
:10780000300928092C09FA08EF08EE08C808BA0858
:1078100073082508C00766070E07A10690063606FE
:107820001F06EA05DD05C305BD05E105F8054A06A5
:107830008E06E20631078707E4071F085608B508D9
:10784000BF080509FF08060923093A0926093E0968
:107850003D091F092609DF081509F8081B09430916
:10786000440964093F091509FD08D008B3088808D0
:1078700068082408C2076F070207A60661062F06DC
:107880000706F705C405B805BA05E305ED0540068A
:107890009106DE0638077B07CD07FC0759088408E8
:1078A000C708F40809090C091E092809080946092E
:1078B0002809290923091709210905092D09310971
:1078C0004B0948091D092009F708D908A4088708A9
:1078D0005E08F707B30749070B07BA0683065A067F
:1078E0003806FC05F105C805DD05F3050C067A062A
:1078F0009A0608071E077907C107E80742088108AA
:10790000BB08F408010924092B09340946093C097C
:107910005D094B095409370949093B093D095809D3
:107920002D0941092809E508DC08AA0895085B0823
:107930001008D30781072E07ED06B20689066D06EB
:107940001D060F06EE05E505FF051806540685061B
:10795000B206F30635076207B607EE074008790856
:10796000A108DA08F408130929094A0967096C090A
:10797000730980096C0973094F09660961094B098C
:1079800037090C09F208B008950863084908FD0793
:10799000C6077D073E070207D606B80693067D0692
:1079A00050063B061E063706460668069506B206D2
:1079B000E60608072E075A079C07CF070B083E0864
:1079C000630890089808AE08D308E4080E09110966
:1079D0002B09330922091D09130916091C09070976
:1079E000FC08E708C008A408810876084D08370895
:1079F0001108E507D507A5079F0793077E077D07B1
:107A000065075A075407500759075F076F076D0747
:107A10007C077E07850791079A07AE07B907CA0753
:107A2000D307DB07E607EF07010806081D08200853
:107A30002F0830083F0844085208570863086808B0
:107A400062086B08640866086D08630869085E08C8
:107A500053084C0843083B0835082D0828081D0822
:107A6000110808080208FA07FA07F207F007E60704
:107A7000DF07DC07D407D507D107D007CC07CA0733
:107A8000C507C707C407CB07CB07D307D207DD0756
:107A9000DE07E507F107F007040803080F081808D8
:107AA000150822081F082B082B082B0831082B0863
:107AB0002E082B08270828082608250825081E0850
:107AC00020081C081D0819081D081A0816081408A3
:107AD0000A080C0800080008F907F607F107EA078A
:107AE000E507E307DB07DE07DE07D907DE07D9076F
:107AF000DD07DC07DE07E107E507EA07EA07F1072C
:107B0000F007F707F907FC07FF0704080308070851
:107B100004080A0809080B080D080C0811080F08CA
:107B20001108130814081508150815081308130878
:107B30000F080C080B08070803080108FA07F907E3
:107B4000F207F207ED07EC07EA07E707E607E407A5
:107B5000E307E207E407E307E607E607E907EB07C1
:107B6000EA07EF07EF07F207F407F607F707F8074A
:107B7000FA07FD07FE0700080208020806080608C3
:107B8000070809080A080A080A080A08080808086D
:107B900006080508040803080108FF07FC07FA07A0
:107BA000F807F507F307F107F007F007ED07EE0711
:107BB000ED07ED07ED07EE07EF07F107F207F30713
:107BC000F307F407F607F607F607F707F807F807CD
:107BD000FA07FA07FC07FE07FF07FF07010801087D
:107BE000020803080408060806080608070805082E
:107BF0000508040804080508040803080208010829
:107C0000FF07FE07FC07FB07FB07FA07FA07F90760
:107C1000F907F907F907FA07FA07FB07FB07FC075B
:107C2000FC07FD07FE07FD07FE07FD07FF07FF072F
:107C3000FF070008010802080208020803080408F8
:107C400004080508050805080508040805080408CF
:107C500004080608050805080508050804080308BF
:107C600003080308020803080108010801080108C5
:107C700001080108010802080208020803080208B6
:107C800002080208020802080208020802080308A3
:107C90000408040806080608060807080708070875
:107CA0000708070807080708060805080508040864
:107CB000040804080308030803080208020803086C
:107CC0000208020802080208030803080308030860
:107CD000040804080508050805080508060805083D
:107CE0000608050806080508050806080608070826
:107CF0000708080807080A08090809080A08080800
:107D00000908080807080608060804080308020806
:107D100001080008FF07FF07FD07FE07FE07FC0735
:107D2000FC07FD07FC07FD07FE07FD07FE0700082F
:107D3000FD0700080008FF07FE070408FD07040808
:107D4000010802080308FF070508040803080808DB
:107D500004080708070809080708070808080408AE
:107D6000090807080808060800080608FF07FE07B4
:107D7000FE070508FF0706080008FC070408F807C7
:107D8000FD07FD07F1070008FA07FA07FA07FC07E5
:107D90000F0802080208FE07000807080408FE078B
:107DA000F907FE0706080908FE0700080F08030880
:107DB0000C08FB0704080D08FF07FA07FD070D086C
:107DC00007080408FD070A08F407F1070E0802086F
:107DD00003080908F3071008FD070A080208F80756
:107DE0000C08E80701080A08F907FC07FD07F8076F
:107DF00001080608FE07FF070E080908FF0702082A
:107E0000F8071008FF07F907FE07FF071B0803081C
:107E100008080E08020803080108FB070308010808
:107E2000FA070708FD0700080608FE070308ED0724
:107E300004080808ED070B08020800080208F90703
:107E4000FE07F90701080308EE070D08F6070B08FF
:107E5000FA0706080408FA070C08FF0700080A08D2
:107E6000060802080E080A08F80705080E08E907C0
:107E700003080E08F3070A080D08F20709080708A7
:107E8000F707FF070108FD07030801080708FD07BA
:107E90000308F2070F08FC07ED071C08EA0714089F
:107EA000FB07FC070708FA070808F4070B08F607A2
:107EB000F4070B08000801081A08F2070008130865
:107EC000D6071F08F1070808FB07E0072408E707A3
:107ED000F0070608EE07F8070908EF071808E70794
:107EE0001308EA07EA071208D6071D08F407100866
:107EF000D2071E08F4070208FC070F08E207EB0789
:107F00002708BB072508D5073B08C0070308140846
:107F1000CB074308CC070908FA072208B607290847
:107F2000FE07BB072C08BB074F08AF0710080F0858
:107F3000E6071608E3071608ED074708B90718080B
:107F4000FC070A08E207FA070808C9073908E90721
:107F50000C08DA071E08EE07EF070608FE07E80719
:107F60002408E707EB070C080108FC07BC075A08C0
:107F700094072C08EB070B08FE07F307F8070E0819
:107F8000F707E4074A08A5075408D207F3074B0888
:107F9000C30712080D08CE071708F807FE07F107F8
:107FA00027089D0771089C071C08E4071608E507C9
:107FB000D4071F08D9071008F707E207F8072D08AC
:107FC000EB07E907E6072608D807D5072408CB07FB
:107FD000F0071C08C6071808F0070008FC07C307CD
:107FE0004908AB0721083D08540732085E086407BA
:107FF0006408EA07CA074C08B3072008C3074B0800
:1080000065075908BE0727088B073008E6070F08E1
:10801000AE075708CC07FB078008600722085C08FA
:1080200036074A081908DA07C9076308AA071508B6
:10803000220895075108DB07EB0766085107CD08B2
:10804000AC07AD074B08F207EC07F4075D086F07B4
:108050009D0868077D088E075008A3073B08DB07CB
:10806000080835085D07CB0862070C085B08B707EE
:1080700004082C082B08D807ED0797081907B7083C
:10808000A0072F08B9073A081A08510723090E0755
:10809000BB08630794088F072E0833088607F50787
:1080A0008F081307E608CD07D80721082D08BF075A
:1080B0001B080408B10757087807B308F106C6087B
:1080C000E1078C07B7084B07B1084D07A508F10772
:1080D0006607CD087D07CC073608CF073B086D073C
:1080E00091089C0709081808D3071A08E9073B08F4
:1080F0005E07A7088E07D7072F08D7072208B707FC
:108100003108FB07FC071708B3071A083D08D0071A
:108110009B074C08ED07F707E007EA07130801087B
:10812000BF076F082F072309240769087E077F0808
:10813000D907CE071808C1074208E0071508A207AB
:10814000800810087507B90885072008E807650842
:10815000780726083A08A107170886084A079B08E7
:10816000A70754089107A7083D07C50870070D0821
:10817000B308EA061D092F072F088A089707170872
:108180001C089F079708A8070D081C08EE07180889
:1081900011084F07B0081D084707C7083C07FD082E
:1081A000380710088D0816075D0970061B0984073B
:1081B0002808E6075508AF073C08F707DB0727083C
:1081C0001208C00798084807A9089A07EC07BA08D8
:1081D00032071E08610801088407960888074408CA
:1081E0001008A2076608CB070A081F089607A4080C
:1081F000A507D6077C08A5073608F7071D08E70777
:108200000D080E082408F3070D08EF072F08CF0705
:108210004C08C307EC0716084608E907C807190801
:108220004008BD0727081C08B3075108AB073608EC
:10823000EF070308230884075D081708A3078D08C4
:108240003E078A082B08A307F9072708E1078608D5
:10825000F7061309AD07B1075608DF074808EF070F
:108260006007C308C407AF07B6086E07F807A7087A
:108270005807E1076808C70710089F078908C5075E
:10828000B5077708D507FA072608CF07F707870845
:108290006E0709082B08F3070408F007FD072708F5
:1082A000FE07AD075B08F707E707C6070708BA0828
:1082B00008076108FE07F307FB074B08B6071D0810
:1082C0005008330768082708D107C407FE075D0870
:1082D000E20778077A089E072308650877072708CA
:1082E0002A0815087A075B083308F6078A07350855
:1082F0004B08A9073908E807AD079E08A307E80758
:10830000DD079A084B071A0828080D08D107F60759
:108310003B08F80793075408C50707084B08CE0722
:10832000B0076908C607340897073D080408A40782
:108330007008DB07CB072108C1072B083008870727
:10834000340896074A084208CC07DE073408670756
:108350008808390899071F08D7076E088C07700826
:1083600031087C0734083108FC07FB071108C607F1
:108370003E081708D207BB077008E407F407340863
:10838000C00702081E08C9071F081008C707E4072E
:10839000FE072408470860074408D0076808E80774
:1083A000A90746081008D3075608E1071808F6077A
:1083B0002D0811080C084A089E071E0840083F08AF
:1083C000C907C50746084B08B3070808DB070D08AF
:1083D0003908DD07B1070208E107FF07F807F007D2
:1083E000B40799070208E907B707DC0729084D0712
:1083F0000508E2070D08D907E40706080F08390841
:108400002F0816088D084F0840087B08B808C308D5
:1084100052086C08EA08A408690866089A089208D5
:108420002808020833082508B807B0076D07B60703
:1084300040070307F4064E07FF06A106FB06D00619
:10844000FA06BD063A072B071C075C078C07C50711
:10845000DA07F6073A08AB08A3089E0826090D09B3
:108460003E092809BE09B2093F0960097109C50919
:10847000340920093709E308B6087F0871083D0868
:10848000AB07BA0784075C07FF06DE06BF069A063D
:108490007C064606290657063F06400652065C063D
:1084A0005406BF06EC06F7062C074A07C607A707BF
:1084B00040085F086D08C208EF0857097F093D09A9
:1084C0008209CC09000AE809BD09B709BF090F0AEA
:1084D000B009510930093B090109CF0859085F0863
:1084E000DB07C707AE0729074107C0069B067A06C8
:1084F00070064B060906EA05EB05140643062C0632
:10850000D0053006B906FF06D706A6064A07D407E7
:108510000908F60714089C08F808F6085E0980099F
:10852000AA09A009B7095A0A080AF209A109130AF7
:108530003C0AD4096C09220986094309E008760837
:108540000C083F08E2077B0778071607D006840669
:1085500089068A0616060006E905CA053506FC05E1
:10856000E105F30539069B06A806B706DD061D07DB
:10857000B707ED07D50722084808F70820091909A9
:1085800077099009B009E609060A2C0AD609F90903
:108590001C0A1B0AF509A90991096D095E0901095F
:1085A000DB088C080808EF07010893075C07D10671
:1085B000F206A1068B064E06FE053A06E405F20514
:1085C000D60505060E06F6054B067C068306DA067A
:1085D000D1063F078B07C107F00714084C08D008E5
:1085E0001009340966095109CD09CB09250A060A83
:1085F000DC09FC091F0A170ADF09BE098D09680991
:1086000048091809D6086F081C08E607DA07C207E8
:108610001407F8068306AD068C061306DA05CC05AA
:10862000BD05D505B305C1058B05C8052B06150687
:108630004E065306AF06F906610778079907FE074D
:108640005F087B08FC08180954099609AE09F0096F
:108650003F0A040A390A490A640A600A010A300A10
:10866000F309DE09B40938093109F9088A08510803
:108670000A08E4077A0753070607A306A406690653
:1086800020061006E405DE05D105F705D305C30570
:1086900021063C066F0670068B0633074C079707CA
:1086A0009B07F20771088508E00808094F09870948
:1086B000C209D809230AFF09260A4D0A420A520AAA
:1086C000070A100AFC09B209C80952090809F70883
:1086D000B7087008F207C9078D0769072207AA06BD
:1086E00055065E064A06F7057805AB0593059C0519
:1086F0008405540590058E05030601061F06220613
:108700009C06360737075307AA07010894089F08F5
:10871000DB081B096009E309D409050A270A300AA6
:10872000480A880A5D0A530A230A270A360ADA0920
:10873000A1094A092F092009AC084F081808B507F4
:10874000B3076C071607A0067C0693064D061506B0
:10875000B905D305D905DA05C505B005CF05070666
:108760002F06610679068E06E006590777078C0703
:10877000FA072C088208ED08F0082C097F09BC09CB
:10878000E709E309390A2D0A340A5D0A530A1E0A69
:108790002A0A1E0ADA09B509970954090709DD08EA
:1087A0008C084708F507CD0775073607FC06AC06A9
:1087B000A2065E061606EF05FB05F105CB05A5052D
:1087C000CA05E805D3050C062E0641067606B20654
:1087D000EC06550747077507D8075108680874085D
:1087E000AE08190945096B0985099F09C709E209FE
:1087F0000F0AF909010AD509F709F909E7096E090C
:10880000880955094F09F608C5089808370835083A
:10881000F407B7076A0741071E070E079C069E0666
:1088200088064A0645063806270634060E061C0644
:1088300014064D067A064D067C06940611071207AB
:10884000350759079607E10722084F087708BF0840
:10885000D3083C0961095E097609B309CE09DC0930
:10886000DD09EC09BE09CD09C809A109720946094B
:1088700048090D09EA08910877083B08010805082E
:10888000B4078107480738073107F306C106B80661
:10889000C00682068A068B06750660068106A80653
:1088A00064069806B806C406CE06F50634075A07CD
:1088B00059078A07B307F2070508310880089108AD
:1088C0009808F3081209130937093B097909930934
:1088D0007C0981098E09A10977096E09600965097A
:1088E000200902090F09DE0898085D0863083D08A1
:1088F0000008A8079007AC0764071A07E6061107E7
:10890000CE06AB06AC06A206960669069806950644
:10891000B006A6068C06DE0601071307F10643071C
:1089200073077D078F07A1071508F20702083608AD
:10893000730880087108AF08E908EB08C00802094D
:1089400050094C091C092F096C096D095D095C0966
:108950005009340931092E090E09F50899088308D0
:10896000940870080508D907DC07BD07A307480766
:108970005407260720070F07F406FF06DF06D50673
:10898000F2060307E106D7062A07170730072C0768
:108990004707610767077C0782078F07AA07AF07AA
:1089A000D907DC07F207DE071F0824083E08520833
:1089B0004E086F089A08A1089C08CD08CA08EB0861
:1089C000D708020906090409F8081209FB08EE088D
:1089D000E808DC08B7089608810873085E082108D3
:1089E0000B08F207E407C507B7078D077C07720776
:1089F0007107690757073F075C0745075D07580779
:108A00004E0758075F0782076E077F0782079707A1
:108A100091079A07B7079607B707BD07C107CC07A5
:108A2000C407E407E107F107E80708081A081D086A
:108A30002B082F084C085C086A087D087408820817
:108A4000A208AF08A908B108A408A708BE08C6086C
:108A5000990879089608940871085D085608220854
:108A6000250824080E08E207CD07CC07D407C50760
:108A7000A50796078C07A60789079407800779073B
:108A800082078C079707800787078907A40798073D
:108A90009F0799079807A407B007AF07BB07B1075F
:108AA000CB07C807DF07DC07E707E107FD07040876
:108AB0000C081B0822082B083208480847085008F1
:108AC0005A0862086E0873087708680871086A080F
:108AD0006808630852084D084708440834082A0803
:108AE00019080A080108FC07F607E207D607D207AB
:108AF000CD07D107B807BC07B707B007AC07C70752
:108B0000A907AF07AB07B307B907B107B807AB07AA
:108B1000B907BD07C707C007B707CB07CC07E007F2
:108B2000DB07DC07E207E307FE07FB07FA07F207AC
:108B3000060811081A0820081D081D082E082E080E
:108B400034082C082F083708380831082A082B0861
:108B500022082F0825081B08120813080C08110802
:108B60000208FD07FA07F107F807EA07EA07E00736
:108B7000DC07DE07D807D807CE07D607CC07CC0717
:108B8000C307C307C507C407C607C607C407C3078B
:108B9000CC07CF07C607D807D507DB07E307F007E1
:108BA000EA07ED07F707FB07F907000809080108BE
:108BB0000C08120814080D08100817080E081208EF
:108BC0000F0814080C0815081808140808080E08DF
:108BD0001708100813080F080B0800080F080608EC
:108BE0000008F607F607F107EF07EB07E607E607C9
:108BF000E507E407E607E307E107E507E807E40719
:108C0000E607EB07EB07EE07EB07E907EA07EF07D5
:108C1000F207EE07F007ED07F407F707F407F1078F
:108C2000F607FB07F707F907FD07FA07FB07070831
:108C30000108FB07FC0704080108FE07FF070108FD
:108C4000FE07FF070308F907F707FA07FB07FA070C
:108C5000F807F507F307F907F907FA07F507F90722
:108C6000F307FB0740B2002804D0012808D00328EE
:108C70000BD00FE0202901D3012000E00020704735
:108C8000102901D30120FAE7F8E7082901D30120D0
:108C9000F5E7F3E70120F2E770B505000E001400D8
:108CA0006400641C3100280040B2FFF7DBFF01289C
:108CB00001D101200FE0280040B200280ED1B4F508
:108CC000807F09D2DFF8A00B00EB8600016864F317
:108CD0000F210160002070BD0120FCE76DB2012D65
:108CE0000DD1B4F5803F08D2DFF8880B00EB860089
:108CF000016864F317210160ECE70120EBE7012034
:108D0000E9E770B504000D0016003100280040B2FC
:108D1000FFF7A8FF012801D101200EE0DFF85C1B5E
:108D2000200040B251F820006DB265F3092066F3CF
:108D3000070064B241F82400002070BD38B504007B
:108D40000D002900200040B2FFF78CFF012801D15F
:108D5000012010E0DFF8281B086850F0004050F0B8
:108D6000407050F47F0064B264F3092065F307009B
:108D700008600868002032BD38B5040094F900008E
:108D8000002822D14CF25035002229001A2002F08E
:108D900075F8002229001F2002F070F80022290037
:108DA0001D2002F06BF8032300220121712002F044
:108DB000A6F9032300220121952002F0A0F9032344
:108DC00000220121972002F09AF994F9000001286D
:108DD00022D14CF25034002221000A2002F04EF839
:108DE00000222100042002F049F800222100052081
:108DF00002F044F8032300220121032002F07FF94E
:108E0000032300220121112002F079F9032300221B
:108E10000121292002F073F931BD7CB50500002441
:108E2000002095F90000002878D1A86F002811D102
:108E3000012001900020009001234FF47A6247F650
:108E4000FF71DFF8400A02F027FA00214FF47A6040
:108E500002F008FBDFF8306AA86F316888420AD256
:108E60000022DFF8280A90ED000A0021DFF8140A3A
:108E700002F08CF933E095ED060AB5EE400AF1EE0A
:108E800010FA10DBA96F3068091A47F6FF704143EA
:108E90004FF41670B1FBF0F147F6FF70B1FBF0F242
:108EA00000FB121111E0A96F3068091A47F6FF7034
:108EB00041434FF41670B1FBF0F047F6FF710A0022
:108EC000091AB0FBF2F002FB00110022DFF8BC0926
:108ED00090ED000A89B2DFF8AC0902F057F9DFF82B
:108EE000A409828C418C008C02F0C5FBA86F401C49
:108EF000A867DFF89C09016830684118A86F8142B3
:108F000080F0838000220021002002F002FC280073
:108F1000FFF732FF0020A867012476E0A86F002841
:108F200011D1012001900020009001234FF47A62BA
:108F300047F6FF71DFF85C0902F0AEF900214FF44B
:108F40007A6002F0ABFCDFF84069A86F31688842B4
:108F50000AD20022DFF8340990ED000A0021DFF880
:108F6000340902F013F933E095ED060AB5EE400A34
:108F7000F1EE10FA10DBA96F3068091A47F6FF709E
:108F800041434FF41670B1FBF0F147F6FF70B1FBAF
:108F9000F0F200FB121111E0A96F3068091A47F6D0
:108FA000FF7041434FF41670B1FBF0F047F6FF71CC
:108FB0000A00091AB0FBF2F002FB00110022DFF8F0
:108FC000CC0890ED000A89B2DFF8C80802F0DEF89C
:108FD000DFF8C008828C418C008C02F063FDA86F22
:108FE000401CA867DFF8A808016830684118A86F1E
:108FF00081420AD200220021002002F098FD2800C0
:10900000FFF7BAFE0020A86701242000C0B276BD99
:1090100080B590F9000000280FD1302002F09DFFAC
:10902000312002F09AFF322002F097FFDFF8680843
:10903000016831F4803101600EE0682002F08DFF9C
:10904000692002F08AFF6A2002F087FFDFF84C08EF
:10905000016831F48031016001BD80B590F90000F4
:1090600000280FD1302002F089FF312002F086FF66
:10907000322002F083FFDFF82008016831F48031EC
:1090800001600EE0682002F079FF692002F076FFAF
:109090006A2002F073FFDFF80408016831F48031C0
:1090A000016001BD90ED060AB5EE400AF1EE10FA3E
:1090B00001D08169C16190ED060AB5EE400AF1EE7A
:1090C00010FA13DB90ED070AB5EE400AF1EE10FA44
:1090D0000CDD90F85810491C80F8581090F9581081
:1090E00007291DDB012180F8581019E090ED060AD0
:1090F000B5EE400AF1EE10FA12D890ED070AB5EE7F
:10910000400AF1EE10FA0BD590F85810491E80F87D
:10911000581090F95810012902DA062180F85810E9
:10912000704770B505000E001400280000B210F161
:10913000010F02DA5FF0FF3508E0280000B242F2CA
:109140001171884202DB42F21075FFE7300000B275
:1091500010F1010F02DA5FF0FF3608E0300000B2D4
:1091600042F21171884202DB42F21076FFE72000E2
:1091700000B210F1010F02DA5FF0FF3408E02000C6
:1091800000B242F21171884202DB42F21074FFE732
:109190000220DFF80C170860DFF8080720210160C3
:1091A00080210160280000B201280DDB00211F2072
:1091B00001F004FE00211D2001F000FE290009B28B
:1091C0001A2001F0FBFD2FE0300000B201280DDB7A
:1091D00000211A2001F0F2FD00211D2001F0EEFD1A
:1091E000310009B21F2001F0E9FD1DE0200000B2AE
:1091F00001280DDB00211A2001F0E0FD00211F20D5
:1092000001F0DCFD210009B21D2001F0D7FD0BE0CB
:1092100000211A2001F0D2FD00211F2001F0CEFD17
:1092200000211D2001F0CAFD280000B2012807DA44
:10923000300000B2012803DA200000B2012816DB5A
:109240002DB2002D04D10220DFF85C1608600EE07C
:1092500036B2002E04D12020DFF85016086006E058
:1092600024B2002C03D18020DFF84016086070BDC6
:1092700070B505000E001400280000B210F1010FB7
:1092800002DA5FF0FF3508E0280000B242F2117107
:10929000884202DB42F21075FFE7300000B210F1A5
:1092A000010F02DA5FF0FF3608E0300000B242F250
:1092B0001171884202DB42F21076FFE7200000B213
:1092C00010F1010F02DA5FF0FF3408E0200000B275
:1092D00042F21171884202DB42F21074FFE708206B
:1092E000DFF8CC1508600220DFF8C81508600220FE
:1092F000DFF8C4150860280000B201280DDB00214A
:10930000042001F05BFD0021052001F057FD29003C
:1093100009B20A2001F052FD2FE0300000B201280E
:109320000DDB00210A2001F049FD0021052001F09C
:1093300045FD310009B2042001F040FD1DE0200090
:1093400000B201280DDB00210A2001F037FD0021C9
:10935000042001F033FD210009B2052001F02EFDAB
:109360000BE000210A2001F029FD0021042001F07A
:1093700025FD0021052001F021FD280000B2012873
:1093800007DA300000B2012803DA200000B2012819
:1093900016DB2DB2002D04D10820DFF8201508605F
:1093A0000EE036B2002E04D10220DFF8141508605A
:1093B00006E024B2002C03D10220DFF80815086073
:1093C00070BD10B503000800140093F900100029C7
:1093D00060D193F95810012909D05AD3032920D01C
:1093E00012D3052939D02AD3062944D051E05FF0A1
:1093F000FF32002100B2FFF794FEE4B2002C02D04D
:10940000322002F0AAFDA5E000225FF0FF3100B299
:10941000FFF787FEE4B2002C02D0312002F09DFD60
:1094200098E00022010009B25FF0FF30FFF779FEFB
:10943000E4B2002C02D0302002F08FFD8AE05FF011
:10944000FF32010009B20020FFF76BFEE4B2002CEE
:1094500002D0322002F081FD7CE0020012B25FF007
:10946000FF310020FFF75DFEE4B2002C02D0312076
:1094700002F073FD6EE0020012B200215FF0FF30D7
:10948000FFF74FFEE4B2002C02D0302002F065FD61
:1094900060E05FE093F95810012909D05AD30329FD
:1094A00020D012D3052939D02AD3062944D051E03F
:1094B0005FF0FF32002100B2FFF7DAFEE4B2002CC9
:1094C00002D06A2002F049FD44E000225FF0FF3143
:1094D00000B2FFF7CDFEE4B2002C02D0692002F00A
:1094E0003CFD37E00022010009B25FF0FF30FFF7DA
:1094F000BFFEE4B2002C02D0682002F02EFD29E06D
:109500005FF0FF32010009B20020FFF7B1FEE4B2C4
:10951000002C02D06A2002F020FD1BE0020012B2F3
:109520005FF0FF310020FFF7A3FEE4B2002C02D071
:10953000692002F012FD0DE0020012B200215FF07E
:10954000FF30FFF795FEE4B2002C02D0682002F055
:1095500004FDFFE710BD10B50100DB4C89B220000F
:1095600002F0F6FD0021200002F0EEFD200002F0E6
:10957000E1FD200002F0FCFD10BD000010B5D24C52
:10958000200002F0EDFD200002F0D9FDCF4C94F94F
:10959000500003281DD12000FFF784FD94ED150A2B
:1095A000B5EE400AF1EE10FA02DB94ED150A03E085
:1095B00094ED150AB1EE400A0122DFEDA90A20EE72
:1095C000200ABDEEC00A10EE101A09B22000FFF703
:1095D000F8FE10BD10B5BD4CD4F88400401CC4F892
:1095E0008400302002F093FC312002F090FC322005
:1095F00002F08DFC94F9500003286ED1002002F097
:1096000057FEE065002002F06AFEE16E94F9580012
:1096100004EB4000B0F85E00091AE166E06D41F22B
:109620007171884202D341F2707000E0E06D94F9EC
:10963000581004EB4101A1F85E00E06E94F9581057
:1096400004EB4101B1F85E1010FA81F0E066616F41
:109650000322E06E02FB0101890861672000FFF729
:10966000FCFCD4F88400642803D21420FFF773FFB5
:1096700033E094ED150ADFED7B0AB4EE600AF1EEFB
:1096800010FA09D5616F032041433C20B1FBF0F093
:1096900080B2FFF760FF20E0B3EE0E0AD4ED150AAA
:1096A0009FED721A70EE810A60EE800A9FED701ACB
:1096B000C0EE810A30EE600AD4ED1D0AF8EE600AB1
:1096C00020EE800ADFED6C0A80EE200ABCEEC00AB4
:1096D00010EE100A80B2FFF73EFF10BD10B501007A
:1096E0007B4C89B2200002F033FD0021200002F003
:1096F0002BFD200002F01EFD200002F039FD10BD00
:1097000010B5734C200002F02BFD200002F017FD75
:10971000704C94F9500003281DD12000FFF7C2FCC3
:1097200094ED150AB5EE400AF1EE10FA02DB94ED65
:10973000150A03E094ED150AB1EE400A0122DFEDAF
:10974000480A20EE200ABDEEC00A10EE101A09B237
:109750002000FFF736FE10BD10B55E4CD4F8840033
:10976000401CC4F88400682002F0D1FB692002F09C
:10977000CEFB6A2002F0CBFB94F9500003286ED197
:10978000012002F095FDE065012002F0A8FDE16EE8
:1097900094F9580004EB4000B0F85E00091AE16645
:1097A000E06D41F27171884202D341F2707000E0C5
:1097B000E06D94F9581004EB4101A1F85E00E06EF1
:1097C00094F9581004EB4101B1F85E1010FA81F0E1
:1097D000E066616F0322E06E02FB010189086167A8
:1097E0002000FFF73AFCD4F88400642803D2142048
:1097F000FFF774FF33E094ED150ADFED1A0AB4EEBB
:10980000600AF1EE10FA09D5616F032041433C2054
:10981000B1FBF0F080B2FFF761FF20E0B3EE0E0A7B
:10982000D4ED150A9FED111A70EE810A60EE800AE0
:109830009FED0F1AC0EE810A30EE600AD4ED1D0ACA
:10984000F8EE600A20EE800ADFED0B0A80EE200AB7
:10985000BCEEC00A10EE100A80B2FFF73FFF10BD49
:1098600000401C46CDCCCC3E00100040CDCCCCBE40
:109870009A99193F0014004000001644000C004063
:1098800000040040D4170208100602081806020857
:1098900014060208FC1702081403314094063140F4
:1098A00004073140040931400807314008093140BC
:1098B000040031400401314084023140080031404D
:1098C000080131408802314000153840A40E0208DA
:1098D00080143840D810020870B52DED028BDFF8E7
:1098E000C04BD4F88C00401CC4F88C0094F9500094
:1098F00001280BD0C0F06E83032800F0C68051D33E
:10990000052800F0FF82C0F03B8363E3D4F88C00AD
:1099100040F2F511884234D294F8590084F85A0084
:10992000302001F0CBFB0500312001F0C7FB060021
:10993000760016EB8506322001F0C0FB861984F80C
:10994000596094F95A0094F95910884202D0E06F96
:10995000401CE067D4F88C00B0F5FA7F21D1E06FAD
:1099600033281ED32000FFF707FA0020C4F8800038
:109970000020E067002002F087FC022084F85000FD
:109980000FE02000FFF749FA00280AD00020C4F8B1
:1099900080000020E067002002F076FC022084F8BE
:1099A000500017E394F8590084F85A00302001F071
:1099B00085FB0500312001F081FB0600760016EBE7
:1099C0008506322001F07AFB861984F85960002060
:1099D00002F06EFCE06594F95A0094F9591088423F
:1099E00004D1E06D41F2893188424DD3002002F06C
:1099F00076FCE06DB0F5FA7041F29511884205D31E
:109A0000D4F88000401CC4F8800002E0E06F401CE5
:109A1000E0672000FFF746FB00224FF47A71200038
:109A2000FFF7CFFCD4F88000FD280DD30020C4F848
:109A300080000020C4F88C00002200212000FFF7E5
:109A4000C0FC052084F85000E06F31281CD394ED51
:109A5000060AB5EE400AF1EE10FA03DBDFF8740CEB
:109A6000606502E0DFF8700C60650020C4F88C00CF
:109A70000020C4F884002000FFF7CAFA002002F09A
:109A80002EFC032084F85000A4E2D4F8840040F2B5
:109A9000F511884227D3DFF8481C626F0720424344
:109AA000B1FBF2F000EE100AB8EE400A84ED0A0AAB
:109AB00094ED060AB5EE400AF1EE10FA05D594EDE4
:109AC0000A0AB1EE400A84ED0A0A94ED0B0ADFEDB2
:109AD000B40A94ED0A1A00EE201A9FEDB20A81EE44
:109AE000000A84ED0B0A40F2E935D4F88C00A84254
:109AF000C0F0F48094ED150AD4ED060AB4EE600AC5
:109B0000F1EE10FA64D594ED150AB5EE400AF1EEC7
:109B100010FA02DB94ED150A03E094ED150AB1EE9C
:109B2000400A9FEDA38B10EE100A02F041FC53ECAB
:109B3000182B02F061FCDFF8AC2BDFF8AC3B02F035
:109B40006FFD02D29FED988B37E094ED150AB5EECC
:109B5000400AF1EE10FA02DB94ED150A03E094EDF1
:109B6000150AB1EE400A10EE100A02F021FC53EC87
:109B7000182B02F041FCDFF8742BDFF8743B02F085
:109B800069FD02D89FED8A8B17E094ED150AB5EEBA
:109B9000400AF1EE10FA02DB94ED150A03E094EDB1
:109BA000150AB1EE400A10EE100A02F001FC53EC67
:109BB000182B02F021FC41EC180B606D02F0F8FB51
:109BC00053EC182B02F060FD02F092FE60656CE031
:109BD00094ED060AD4ED150AB4EE600AF1EE10FA1F
:109BE00063D594ED150AB5EE400AF1EE10FA02DBEA
:109BF00094ED150A03E094ED150AB1EE400A9FEDCD
:109C00006C8B10EE100A02F0D3FB53EC182B02F011
:109C1000F3FBDFF8D02ADFF8D03A02F001FD02D2E0
:109C20009FED618B37E094ED150AB5EE400AF1EE39
:109C300010FA02DB94ED150A03E094ED150AB1EE7B
:109C4000400A10EE100A02F0B3FB53EC182B02F09E
:109C5000D3FBDFF8982ADFF8983A02F0FBFC02D831
:109C60009FED538B17E094ED150AB5EE400AF1EE27
:109C700010FA02DB94ED150A03E094ED150AB1EE3B
:109C8000400A10EE100A02F093FB53EC182B02F07E
:109C9000B3FB41EC180B606D02F08AFB53EC182B00
:109CA00002F0B0FD02F024FE6065BFEE000AD4EDC4
:109CB000150AF4EE400AF1EE10FA0DD494ED150AEF
:109CC000DFEDC20AB4EE600AF1EE10FA02DBB7EE85
:109CD000000A01E094ED150A84ED150AD4F88C0011
:109CE0001421B0FBF1F201FB1200002840F0878044
:109CF00094ED0B0AB5EE400AF1EE10FA04DB94ED98
:109D00000B0ABDEEC00A05E094ED0B0AB1EE400A65
:109D1000BDEEC00AD4F8200204EB800080ED240AD6
:109D2000D4F82002632801D1002002E0D4F82002F8
:109D3000401CD4F8201204EB8101D1F8901004EB00
:109D40008000D0F89000091AC4F82412D4F8200238
:109D5000401CC4F82002D4F82002642802DB002052
:109D6000C4F820029FED9A0AD4ED060A60EE800A3C
:109D7000FDEEE00A10EE901AD4F82802091AC4F891
:109D80003012D4ED060A20EE800ABDEEC00A84ED42
:109D90008A0AD4F8300200280ED4D4F830020EE03B
:109DA0000000C6420000C8422D431CEBE2361A3FB9
:109DB000613255302AA9333FD4F83002404264283A
:109DC00003DB0120C4F82C0219E0D4F82C02401E59
:109DD00040F2E731884212D26420C4F83002D4F84D
:109DE0002C02401CC4F82C02D4F82C02B0F57A7F67
:109DF00005D10020C4F82C020020C4F83002D4F8A9
:109E00008800D4F88410884205D1D4F88000401C22
:109E1000C4F8800002E00020C4F8800041F28930DC
:109E2000616F814203D3D4F88C10814249D2D4F8B7
:109E3000241211F5FA7F0FDAD4F83012002902D477
:109E4000D4F8301202E0D4F830124942642903DA1F
:109E5000D4F88C10814234D2D4F88000A84230D299
:109E600094ED150AB5EE400AF1EE10FA02DB94ED1E
:109E7000150A03E094ED150AB1EE400ADFEDC00AC1
:109E8000B4EE600AF1EE10FA1BD494F948000128F0
:109E900017D0DFF8C00A0178012903D190F9180022
:109EA00002280ED094ED150ADFED490A20EE200AB3
:109EB000D4ED060A20EE200AB5EE400AF1EE10FAC3
:109EC0001BD5052084F85000DFF88C0A02F037F922
:109ED0002000FFF7C2F8002200212000FFF771FAEE
:109EE0000020C4F88C000020C4F824020020C4F82C
:109EF00030020020A0620020E062D4F88400C4F8A0
:109F0000880067E0002200212000FFF75AFA94ED54
:109F1000060AB5EE400AF1EE10FA02DB94ED060AED
:109F200003E094ED060AB1EE400ADFEDBA0AB4EEA2
:109F3000600AF1EE10FA0BDBD4F88C0044F62161D4
:109F4000884205D30020C4F88C00012084F850001A
:109F500094ED060AB5EE400AF1EE10FA0CD094F931
:109F60004800012808D0DFF8EC090178012906D162
:109F700090F91800022802D1042084F8500029E04A
:109F8000002200212000FFF71CFA94ED060AB5EE2E
:109F9000400AF1EE10FA02DB94ED060A03E094EDBC
:109FA000060AB1EE400ADFED9B0AB4EE600AF1EE5C
:109FB00010FA09DB94F94800012805D00020C4F804
:109FC0008C00012084F8500004E000BF0100803FB5
:109FD00000401C46DFF88449D4F88C00401CC4F8CB
:109FE0008C0094F9500001280BD0C0F06E83032838
:109FF00000F0C88051D3052800F00583C0F04083ED
:10A0000063E3D4F88C0040F2F511884234D294F81E
:10A01000590084F85A00682001F050F805006920C2
:10A0200001F04CF80600760016EB85066A2001F078
:10A0300045F8861984F8596094F95A0094F9591032
:10A04000884202D0E06F401CE067D4F88C00B0F585
:10A05000FA7F21D1E06F33281ED32000FEF78CFE5B
:10A060000020C4F880000020E067012002F00CF915
:10A07000022084F850000FE02000FEF7CEFE0028FA
:10A080000AD00020C4F880000020E067012002F020
:10A09000FBF8022084F8500017E394F8590084F884
:10A0A0005A00682001F00AF80500692001F006F85E
:10A0B0000600760016EB85066A2000F0FFFF861981
:10A0C00084F85960012002F0F3F8E06594F95A0031
:10A0D00094F95910884204D1E06D41F289318842E7
:10A0E0004DD3012002F0FBF8E06DB0F5FA7041F2BB
:10A0F0009511884205D3D4F88000401CC4F8800034
:10A1000002E0E06F401CE0672000FEF7CBFF00227A
:10A110004FF47A712000FFF754F9D4F88000FD283D
:10A120000DD30020C4F880000020C4F88C00002269
:10A1300000212000FFF745F9052084F85000E06F6A
:10A1400031281CD394ED060AB5EE400AF1EE10FA60
:10A1500003DBDFF88005606502E0DFF87C05606501
:10A160000020C4F88C000020C4F884002000FEF712
:10A170004FFF012002F0B3F8032084F85000A4E25E
:10A18000CDCC4C3DD4F8840040F2F511884227D361
:10A19000DFF84C15626F07204243B1FBF2F000EE8E
:10A1A000100AB8EE400A84ED0A0A94ED060AB5EEEC
:10A1B000400AF1EE10FA05D594ED0A0AB1EE400A14
:10A1C00084ED0A0A94ED0B0ADFEDB60A94ED0A1A43
:10A1D00000EE201A9FEDB40A81EE000A84ED0B0A0E
:10A1E00040F2E935D4F88C00A842C0F0F68094ED36
:10A1F000150AD4ED060AB4EE600AF1EE10FA66D53F
:10A2000094ED150AB5EE400AF1EE10FA04DB94ED78
:10A21000150A05E090C2753D94ED150AB1EE400AAD
:10A220009FEDA48B10EE100A02F0C2F853EC182B2D
:10A2300002F0E2F8DFF8AC24DFF8243702F0F0F99E
:10A2400002D29FED9A8B37E094ED150AB5EE400AE5
:10A25000F1EE10FA02DB94ED150A03E094ED150A15
:10A26000B1EE400A10EE100A02F0A2F853EC182BDF
:10A2700002F0C2F8DFF87424DFF8743402F0EAF96F
:10A2800002D89FED8C8B17E094ED150AB5EE400ACD
:10A29000F1EE10FA02DB94ED150A03E094ED150AD5
:10A2A000B1EE400A10EE100A02F082F853EC182BBF
:10A2B00002F0A2F841EC180B606D02F079F853EC53
:10A2C000182B02F0E1F902F013FB60656CE094EDED
:10A2D000060AD4ED150AB4EE600AF1EE10FA63D561
:10A2E00094ED150AB5EE400AF1EE10FA02DB94ED9A
:10A2F000150A03E094ED150AB1EE400A9FED6D8B4F
:10A3000010EE100A02F054F853EC182B02F074F817
:10A31000DFF8D023DFF8483602F082F902D29FED51
:10A32000638B37E094ED150AB5EE400AF1EE10FAB2
:10A3300002DB94ED150A03E094ED150AB1EE400A34
:10A3400010EE100A02F034F853EC182B02F054F817
:10A35000DFF89823DFF8983302F07CF902D89FEDFC
:10A36000558B17E094ED150AB5EE400AF1EE10FAA0
:10A3700002DB94ED150A03E094ED150AB1EE400AF4
:10A3800010EE100A02F014F853EC182B02F034F817
:10A3900041EC180B606D02F00BF853EC182B02F037
:10A3A00031FA02F0A5FA6065BFEE000AD4ED150A95
:10A3B000F4EE400AF1EE10FA0DD494ED150ADFED3B
:10A3C000C40AB4EE600AF1EE10FA02DBB7EE000A3E
:10A3D00001E094ED150A84ED150AD4F88C001421DF
:10A3E000B0FBF1F201FB1200002840F08A8094EDEE
:10A3F0000B0AB5EE400AF1EE10FA04DB94ED0B0AFD
:10A40000BDEEC00A05E094ED0B0AB1EE400ABDEEC8
:10A41000C00AD4F8200204EB800080ED240AD4F8AE
:10A420002002632801D1002002E0D4F82002401C61
:10A43000D4F8201204EB8101D1F8901004EB8000D5
:10A44000D0F89000091AC4F82412D4F82002401C55
:10A45000C4F82002D4F82002642802DB0020C4F8EB
:10A4600020029FED9E0AD4ED060A60EE800AFDEE02
:10A47000E00A10EE901AD4F82802091AC4F8301233
:10A48000D4ED060A20EE800ABDEEC00A84ED8A0AE9
:10A49000D4F83002002811D4D4F8300211E000BF03
:10A4A000A40E02080000C6420000C8422D431CEB67
:10A4B000E2360A3F613255302AA9333FD4F83002E0
:10A4C0004042642803DB0120C4F82C0219E0D4F8D0
:10A4D0002C02401E40F2E731884212D26420C4F8B8
:10A4E0003002D4F82C02401CC4F82C02D4F82C0200
:10A4F000B0F57A7F05D10020C4F82C020020C4F802
:10A500003002D4F88800D4F88410884205D1D4F8F9
:10A510008000401CC4F8800002E00020C4F88000E5
:10A5200041F28930616F814203D3D4F88C108142AB
:10A5300049D2D4F8241211F5FA7F0FDAD4F8301288
:10A54000002902D4D4F8301202E0D4F83012494283
:10A55000642903DAD4F88C10814234D2D4F8800014
:10A56000A84230D294ED150AB5EE400AF1EE10FA89
:10A5700002DB94ED150A03E094ED150AB1EE400AF2
:10A58000DFED5C0AB4EE600AF1EE10FA1BD494F928
:10A590004800012817D0DFF8BC030178012903D156
:10A5A00090F9180002280ED094ED150ADFED4B0A41
:10A5B00020EE200AD4ED060A20EE200AB5EE400A6D
:10A5C000F1EE10FA1AD5052084F85000E54801F0A4
:10A5D000B6FD2000FEF741FD002200212000FEF71D
:10A5E000F0FE0020C4F88C000020C4F824020020F3
:10A5F000C4F830020020A0620020E062D4F8840099
:10A60000C4F8880061E0002200212000FEF7D9FE96
:10A6100094ED060AB5EE400AF1EE10FA02DB94ED75
:10A62000060A03E094ED060AB1EE400ADFEDC80A1F
:10A63000B4EE600AF1EE10FA0BDBD4F88C0044F6AD
:10A640002161884205D30020C4F88C00012084F8E1
:10A65000500094ED060AB5EE400AF1EE10FA0BD068
:10A6600094F94800012807D0BA480178012906D199
:10A6700090F91800022802D1042084F8500024E048
:10A68000002200212000FEF79CFE94ED060AB5EEA4
:10A69000400AF1EE10FA02DB94ED060A03E094EDB5
:10A6A000060AB1EE400ADFEDAA0AB4EE600AF1EE46
:10A6B00010FA09DB94F94800012805D00020C4F8FD
:10A6C0008C00012084F85000FFE7BDEC028B70BDC8
:10A6D0000100803FCDCCCC3DCDCCCCBD00401C4654
:10A6E000008793032D431CEBE2361A3F623255304C
:10A6F0002AA9333FCDCC4C3D80B502F02DF94FF463
:10A70000967001F043F84FF4967001F044FA01BDE1
:10A7100030B5A5B03421002218AC200002F098FA20
:10A720000820199003201B9001201C908E4C18AA21
:10A730000021200002F04BFB18AA0121200002F0AA
:10A7400046FB18AA0221200002F041FB0520ADF8CB
:10A75000020001208DF804001B20ADF80000834C9E
:10A7600000222100684602F0C9FB1B20ADF8000062
:10A7700000222100684602F0C1FB1B20ADF800005A
:10A7800000222100684602F0B9FB302001F0F6FB00
:10A79000312001F0F3FB322001F0F0FB0022012117
:10A7A0005320FEF7AEFA092200210120FEF774FAC9
:10A7B00000210120FEF7C2FA4FF6FF7404940794BB
:10A7C0000B9403208DF8140001208DF81500002053
:10A7D0008DF8160000208DF8180003208DF8540025
:10A7E0000120169000208DF85C0000208DF85D009F
:10A7F000594D04A9280001F0D5FB280001F09AFC6E
:10A800000021280001F0A0FC280001F0A3FC4FF477
:10A81000AB70ADF808000620ADF80A0001208DF8F5
:10A820000C000022524902A802F068FB082019908F
:10A8300003201B9001201C904E4D18AA00212800D7
:10A8400002F0C5FA18AA0121280002F0C0FA18AADD
:10A850000221280002F0BBFA0520ADF80200012019
:10A860008DF804002220ADF80000434D002229009D
:10A87000684602F043FB2220ADF8000000222900C8
:10A88000684602F03BFB2220ADF8000000222900C0
:10A89000684602F033FB682001F070FB692001F08C
:10A8A0006DFB6A2001F06AFB002201215220FEF7B5
:10A8B00028FA092200210120FEF7EEF900210120EB
:10A8C000FEF73CFA049407940B9403208DF81400CF
:10A8D00001208DF8150000208DF8160000208DF85D
:10A8E000180003208DF854000120169000208DF8E8
:10A8F0005C0000208DF85D001A4C04A9200001F0D6
:10A9000051FB200001F016FC0021200001F01CFC8E
:10A91000200001F01FFC40F25510ADF808000620A1
:10A92000ADF80A0001208DF80C000022134902A89E
:10A9300002F0E4FA0021002001F0DCFC00210120FB
:10A9400001F0D8FC32210D2002F090FB25B030BD83
:10A9500090C2753D2418020800153840D81002082E
:10A96000E2360A3F8014384000033140D595081084
:10A970007D950810800631405997081001970810FE
:10A9800040B2002804D0012808D003280BD00FE0E3
:10A99000202901D3012000E000207047102901D3B5
:10A9A0000120FAE7F8E7082901D30120F5E7F3E7EA
:10A9B0000120F2E770B505000E0014006400641C6D
:10A9C0003100280040B2FFF7DBFF012801D1012050
:10A9D0000FE0280040B200280ED1B4F5807F09D2E4
:10A9E000DFF84C0600EB8600016864F30F2101607C
:10A9F000002070BD0120FCE76DB2012D0DD1B4F532
:10AA0000803F08D2DFF82C0600EB8600016864F373
:10AA100017210160ECE70120EBE70120E9E770B5C1
:10AA200004000D0016003100280040B2FFF7A8FF17
:10AA3000012801D101200EE0DFF8FC15200040B212
:10AA400051F820006DB265F3092066F3070064B287
:10AA500041F82400002070BD38B504000D00290025
:10AA6000200040B2FFF78CFF012801D1012010E047
:10AA7000DFF8C815086850F0004050F0407050F4FE
:10AA80007F0064B264F3092065F30700086008687A
:10AA9000002032BD10B540B2002830D0022832D09C
:10AAA0002FD3042833D030D3062834D031D308280C
:10AAB00035D032D30A2836D033D30C2837D034D30C
:10AAC0000E2838D035D3102839D036D312283AD0B2
:10AAD00037D314283BD038D316283CD039D3182884
:10AAE0003DD03AD31A283ED03BD31C283FD03CD38C
:10AAF0001E2840D03DD3202841D03ED341E0312410
:10AB000045E0332443E0352441E011243FE01024A4
:10AB10003DE028243BE0292439E02A2437E02B2497
:10AB200035E0032433E0022431E039242FE001240E
:10AB30002DE000242BE0402429E0412427E0BF241D
:10AB400025E0BC2423E0602421E061241FE0AB2445
:10AB50001DE0AA241BE0A92419E0A82417E0692419
:10AB600015E06B2413E0702411E071240FE09724AA
:10AB70000DE096240BE0952409E0942407E093244B
:10AB800005E06022DFF8B814002002F0F6FC200097
:10AB9000C0B210BD10B540B200283CD001283CD056
:10ABA00002283CD003283CD004283CD005283CD0C7
:10ABB00006283CD009283CD00A283CD00B283CD0A1
:10ABC0000C283CD00D283CD00E283CD00F283CD07F
:10ABD00010283CD011283CD012283CD013283CD05F
:10ABE00014283CD015283CD016283CD017283CD03F
:10ABF00018283CD019283CD01A283CD01B283CD01F
:10AC00001C283CD01D283CD01E283CD01F283CD0FE
:10AC100020283CD03DE0082441E008243FE00824FF
:10AC20003DE008243BE0082439E0082437E008240C
:10AC300035E0082433E0082431E008242FE008241C
:10AC40002DE008242BE0082429E0082427E008242C
:10AC500025E0082423E0082421E008241FE008243C
:10AC60001DE008241BE0082419E0082417E008244C
:10AC700015E0082413E0082411E008240FE008245C
:10AC80000DE008240BE0082409E0082407E008246C
:10AC900005E09022DFF8A813002002F06EFC2000EF
:10ACA00040B210BD80B540B2002830D0022832D06A
:10ACB0002FD3042833D030D3062834D031D30828FA
:10ACC00035D032D30A2836D033D30C2837D034D3FA
:10ACD0000E2838D035D3102839D036D312283AD0A0
:10ACE00037D314283BD038D316283CD039D3182872
:10ACF0003DD03AD31A283ED03BD31C283FD03CD37A
:10AD00001E2840D03DD3202841D03ED341E0002032
:10AD100045E0012043E0022041E006203FE007201B
:10AD20003DE009203BE00A2039E00B2037E00C2011
:10AD300035E00D2033E00E2031E00F202FE0112010
:10AD40002DE012202BE0132029E0142027E016200C
:10AD500025E0192023E0242021E025201FE02720E2
:10AD60001DE028201BE0292019E02A2017E02C20D4
:10AD700015E02D2013E0302011E031200FE03220CB
:10AD80000DE033200BE0342009E0352007E03620C9
:10AD900005E0C222AA49002002F0EFFB0020C0B269
:10ADA00002BD002007E0A749C2018A5822F00042F4
:10ADB000C301CA50401C3F28F5DB704770B50C003A
:10ADC00000210021002140B2FFF76CFF0500002C9C
:10ADD00040D09C4E2800C0B2C0013044016A080037
:10ADE00080B204FB00F442F21070B4FBF0F22800D1
:10ADF000C0B2C00130440069002818D192B22800C6
:10AE0000C0B2C0013044026189B22800C0B2C001A2
:10AE1000304481602800C0B2C001304402F04FFDD0
:10AE2000EDB2ED0106EB050001F0A2F925E092B2CA
:10AE30002800C0B2C001304442612800C0B2C00145
:10AE40003044006C50F00100EDB2ED0106EB05015D
:10AE5000086412E07B4C2800C0B2C001204402F01C
:10AE600033FD00202900C9B2C901214488600020B7
:10AE7000EDB2ED0104EB0501086170BD2DE9F04173
:10AE8000AAB004000D001600342100221DAF3800C6
:10AE900001F0DEFE0020742100226F46380001F030
:10AEA000D7FE0E201E90200040B2FFF773FE8DF8F3
:10AEB0007C00200040B2FFF7EDFD07005FF00808BE
:10AEC000200040B2FFF7E6FD1DAA97FBF8F108FB52
:10AED000117739005C4BC0B2C010C001184401F0BA
:10AEE00076FF200040B2FFF7DDFE0222012129306B
:10AEF00040B2FFF794FD002202210120FFF75AFD26
:10AF000002210120FFF7A8FD5048B0FBF5F1090C24
:10AF10004E482A04B0FBF2F302FB1300002800D0D5
:10AF2000491C022903D200208DF801002FE00329DB
:10AF300003D201208DF8010029E0052903D2022067
:10AF40008DF8010023E0092903D203208DF80100C8
:10AF50001DE0112903D204208DF8010017E02129FA
:10AF600003D205208DF8010011E0412903D206200B
:10AF70008DF801000BE0812903D207208DF8010034
:10AF800005E040F22B122E49002002F0F6FA0420D0
:10AF90008DF8000001208DF8100000208DF81100C0
:10AFA00003208DF8120003208DF8130000208DF887
:10AFB0000800264901229DF901008240B1FBF2F010
:10AFC000B0FBF5F0401E05900598401C06FB00F60E
:10AFD00042F21070B6FBF0F0089002208DF84000AD
:10AFE00003208DF8680001201B9001208DF82800B7
:10AFF000200040B2FFF756FE124D6946C0B2C001B4
:10B00000284402F03BFB200040B2FFF74BFEC0B2E9
:10B01000C001284402F053FC200040B2FFF742FE7A
:10B02000C0B2C001284401F0A3F82AB0BDE8F08105
:10B030000010004000140040000C004000040040DC
:10B0400028540910000038400000314000B4C40406
:10B050000069C84010F001007047012212FA01F1A6
:10B0600081607047012212FA01F1416070470122AC
:10B0700012FA01F1C160704780B5C9B200290ED043
:10B080000100C9B2082291FBF2F302FB13113E4A00
:10B09000C0B2C010C0011044FFF7DFFF0DE0010097
:10B0A000C9B2082291FBF2F302FB1311364AC0B277
:10B0B000C010C0011044FFF7D5FF01BD80B50100ED
:10B0C000C9B2082291FBF2F302FB13112E4AC0B25F
:10B0D000C010C0011044FFF7BBFFC0B202BD80B575
:10B0E0000100C9B2082291FBF2F302FB1311264AB8
:10B0F000C0B2C010C0011044FFF7B9FF01BD2DE977
:10B10000F8418DB004000E0015001F00342100220C
:10B11000E846404601F09CFD76B2002E0ED17FB28B
:10B12000002F02D0022F03D005E00F2001900DE088
:10B13000082001900AE00820019007E07FB2042F68
:10B1400002D10F20019001E00E2001902000C0B23A
:10B15000C0280FD02100C9B208206A4691FBF0F345
:10B1600000FB131108482300DBB2DB10DB0118449D
:10B1700001F02DFE2900C9B22000C0B2FFF77CFF0C
:10B180000EB0BDE8F08100000000314030B4002373
:10B19000002300230023C36913F1010F01D1C36809
:10B1A000591A8369C91A436802FB03F24FF4B47356
:10B1B00092FBF3F25118002901D5C2685118C268F8
:10B1C000914201DBC268891A426891FBF2F302FBEB
:10B1D000131100EE901AF8EEE00A90ED001AC0EE9E
:10B1E000810AFCEEE00A10EE902A1300B2F54364E7
:10B1F00002E004F510549234002CFAD442F2924545
:10B20000AC4202DB37490C19F8E712F5436200E063
:10B21000AA18002AFCD4AA4202DB32498A18FAE7AB
:10B22000314931F81330038431F81430438431F854
:10B2300012108184018C00EE901AF8EE600A90EDF5
:10B24000021A60EE810A60EE800AFDEEE00A10EE5E
:10B25000901A0184418C00EE901AF8EE600A90ED8D
:10B26000021A60EE810A60EE800AFDEEE00A10EE3E
:10B27000901A4184818C00EE901AF8EE600A90EDED
:10B28000021A60EE810A20EE800ABDEEC00A10EEBE
:10B29000101A818430BC704710B400EE102A019A55
:10B2A000029CC16080ED040A43618261C461B1FB0C
:10B2B000F3F14160D0ED010AF8EEE00A9FED071AC4
:10B2C000C0EE810AC0ED000AB8EEC00ADFED040A44
:10B2D00080EE200A80ED020A10BC7047004812463A
:10B2E00000401C466EDBFFFF80000810010009B221
:10B2F000002909D4012210F01F018A40DFF8A819A3
:10B3000000B2400941F820207047010009B200292D
:10B3100009D4012210F01F018A40DFF8901900B211
:10B32000400941F820207047020012B2002A05D4DB
:10B330004901DFF87C2900B2115408E04901DFF827
:10B34000742900B210F00F00104400F8041C70477C
:10B3500040B2002804D0012808D003280BD00FE009
:10B36000202901D3012000E000207047102901D3DB
:10B370000120FAE7F8E7082901D30120F5E7F3E710
:10B380000120F2E770B505000E0014006400641C93
:10B390003100280040B2FFF7DBFF012801D1012076
:10B3A0000FE0280040B200280ED1B4F5807F09D20A
:10B3B000DFF8040900EB8600016864F30F210160E7
:10B3C000002070BD0120FCE76DB2012D0DD1B4F558
:10B3D000803F08D2DFF8E40800EB8600016864F3E0
:10B3E00017210160ECE70120EBE70120E9E770B5E8
:10B3F00004000D0016003100280040B2FFF7A8FF3E
:10B40000012801D101200EE0DFF8B418200040B27D
:10B4100051F820006DB265F3092066F3070064B2AD
:10B4200041F82400002070BD38B504000D0029004B
:10B43000200040B2FFF78CFF012801D1012010E06D
:10B44000DFF88018086850F0004050F0407050F469
:10B450007F0064B264F3092065F3070008600868A0
:10B46000002032BD70B5ACB005000C0034210022C4
:10B4700002AE300001F0ECFB0E20039008208DF8A6
:10B480001000DFF8446802AA0021300001F09FFCA0
:10B4900009208DF8100002AA0121300001F097FC6C
:10B4A00008208DF81000DFF8246802AA042130007B
:10B4B00001F08DFC09208DF8100002AA0521300052
:10B4C00001F085FC08208DF8100002AA062130004A
:10B4D00001F07DFC09208DF8100002AA0721300040
:10B4E00001F075FC022201215920FFF780FF0022A4
:10B4F00002210120FFF746FF02210120FFF794FF00
:10B50000022201215E20FFF772FF002202210120AA
:10B51000FFF738FF02210120FFF786FF02220121F9
:10B520005C20FFF764FF002202210120FFF72AFFC1
:10B5300002210120FFF778FF2000C0B200281FD0B1
:10B540004FF4AE70ADF800000320ADF8020001200A
:10B550008DF80400684602F0BDF9DFF87417BDF9F4
:10B56000000002F0D3F90021BDF90200FFF7DCFE74
:10B57000BDF90200FFF7C9FEBDF90200FFF7B6FEF4
:10B58000742100220FAE300001F062FB05208DF81F
:10B590003C000020129000208DF84C0001208DF816
:10B5A0004F0001208DF84D0003208DF84E000A2039
:10B5B000ADF840000A20ADF8420000208DF84400AC
:10B5C00000208DF83D00ADB26D1E1495002017903F
:10B5D00000201A9001208DF8640001208DF8700081
:10B5E00002208DF87C0003208DF8A40001202A9011
:10B5F00000208DF8AE0000208DF8AF00DFF8D456A3
:10B600000FA9280002F03AF8280002F058F92800A3
:10B6100000F0A0FDE4B2002C02D0280000F0A8FD4C
:10B62000DFF8B4460FA9200002F028F8200002F04D
:10B6300046F9200000F09CFDDFF8A0460FA920008D
:10B6400002F01CF8200002F03AF9200000F090FD12
:10B65000DFF88C06DFF88C16DFF88C2600230360F9
:10B66000002008600020106001220121012000F06C
:10B6700050F82CB070BD10B403009BB2D3F57A63C0
:10B68000022493FBF4F3DFF86446236080B210F5E4
:10B690007A60022390FBF3F0DFF85436186008005C
:10B6A00080B2D0F57A60022390FBF3F0DFF84436E5
:10B6B000186089B211F57A61022091FBF0F0DFF891
:10B6C00038160860100080B2D0F57A60022190FB35
:10B6D000F1F0DFF82816086092B212F57A620220C3
:10B6E00092FBF0F0DFF818160860DFF81806016822
:10B6F00051F001010160DFF81006016851F001010D
:10B700000160DFF80806016851F00101016010BC1A
:10B710007047C0B200280AD0DFF8B805036853F0BC
:10B72000004303600420DFF8DC35186005E0DFF833
:10B73000A405036823F000430360C9B200290AD0BE
:10B74000DFF89405016851F0004101600420DFF842
:10B75000B815086005E0DFF88005016821F00041B8
:10B760000160D2B2002A0AD0DFF87005016851F0FA
:10B77000004101600420DFF89415086005E0DFF85F
:10B780005C05016821F0004101607047F8B50500D3
:10B79000322448F6A0460021300080B2FFF762FE56
:10B7A000002201210120FFF7B4FF00220021B6B2E0
:10B7B000322096FBF0F080B2FFF75DFF200080B2F0
:10B7C00002F067F9002200210020FFF754FF280053
:10B7D00080B202F05EF948F6B8060021300080B26F
:10B7E000FFF740FE012201210020FFF792FF002712
:10B7F00018E00022300080B2322190FBF1F001000D
:10B8000089B20020FFF737FF200080B202F041F933
:10B81000002200210020FFF72EFF200080B202F05E
:10B8200038F97F1C022FE4DBADB2280002F031F9B9
:10B8300048F2D0450021280080B2FFF713FE012214
:10B8400000210120FFF765FF002618E0280080B2E4
:10B85000322190FBF1F0020092B200210020FFF7AC
:10B860000AFF200080B202F014F90022002100201B
:10B87000FFF701FF200080B202F00BF9761C032EC7
:10B88000E4DBDFF8500401F0FBFFDFF84C0401F0CB
:10B89000F7FFDFF8480401F0F3FFF1BD70B5ACB07D
:10B8A00005000C003421002202AE300001F0D0F976
:10B8B0000E20039008208DF81000DFF8546402AACF
:10B8C0000221300001F083FA09208DF8100002AA4D
:10B8D0000321300001F07BFA08208DF81000DFF81A
:10B8E000346402AA0021300001F071FA09208DF8B9
:10B8F000100002AA0121300001F069FA08208DF839
:10B900001000DFF8146402AA0021300001F05FFA91
:10B9100009208DF8100002AA0121300001F057FA29
:10B92000022201213720FFF762FD002202210120BF
:10B93000FFF728FD02210120FFF776FD02220121F9
:10B940003020FFF754FD002202210120FFF71AFDED
:10B9500002210120FFF768FD022201213220FFF7BA
:10B9600046FD002202210120FFF70CFD02210120EB
:10B97000FFF75AFD2000C0B200281ED04FF49D7082
:10B98000ADF800000420ADF8020001208DF804009D
:10B99000684601F09FFFE149BDF9000001F0B6FFE4
:10B9A0000021BDF90200FFF7BFFCBDF90200FFF75F
:10B9B000ACFCBDF90200FFF799FC742100220FAE28
:10B9C000300001F045F905208DF83C000020129070
:10B9D00000208DF84C0001208DF84F0001208DF8DB
:10B9E0004D0003208DF84E000A20ADF840000A20DB
:10B9F000ADF8420000208DF8440000208DF83D0095
:10BA0000ADB26D1E14950020179000201A900120F1
:10BA10008DF8640001208DF8700002208DF87C0004
:10BA200003208DF8A40001202A9000208DF8AE009C
:10BA300000208DF8AF00BA4D0FA9280001F01EFEBE
:10BA4000280001F03CFF280000F084FBE4B2002C49
:10BA500002D0280000F08CFBB24C0FA9200001F0AE
:10BA60000DFE200001F02BFF200000F081FBAE4C0A
:10BA70000FA9200001F002FE200001F020FF2000AD
:10BA800000F076FBA948AA49AA4A002303600020D7
:10BA900008600020106001220121012000F047F819
:10BAA0002CB070BD10B403009BB2D3F57A630224AE
:10BAB00093FBF4F3A04C236080B210F57A6002236C
:10BAC00090FBF3F09D4B1860080080B2D0F57A60CF
:10BAD000022390FBF3F09A4B186089B211F57A615A
:10BAE000022091FBF0F097490860100080B2D0F579
:10BAF0007A60022190FBF1F09349086092B212F54E
:10BB00007A62022092FBF0F0904908609048016848
:10BB100051F0010101608F48016851F0010101609D
:10BB20008D48016851F00101016010BC7047C0B23E
:10BB3000002808D07A48036853F0004303600420CB
:10BB4000834B186004E07648036823F000430360E9
:10BB5000C9B2002908D07348016851F00041016062
:10BB600004207C49086004E06E48016821F000412F
:10BB70000160D2B2002A08D06B48016851F0004140
:10BB8000016004207449086004E06748016821F0FE
:10BB9000004101607047F8B50400322548F6A04620
:10BBA0000021300080B2FFF779FE00220121012040
:10BBB000FFF7BDFF00220021B6B2322096FBF0F065
:10BBC00080B2FFF76FFF280080B201F062FF002211
:10BBD00000210020FFF766FF200080B201F059FF2E
:10BBE00048F6B8060021300080B2FFF757FE012268
:10BBF00001210020FFF79BFF002718E00022300002
:10BC000080B2322190FBF1F0010089B20020FFF7F1
:10BC100049FF280080B201F03CFF002200210020F3
:10BC2000FFF740FF280080B201F033FF7F1C022F96
:10BC3000E4DB200080B201F02CFF48F2D046002166
:10BC4000300080B2FFF72AFE012200210120FFF719
:10BC50006EFF002718E0300080B2322190FBF1F037
:10BC6000020092B200210020FFF71CFF280080B2E2
:10BC700001F00FFF002200210020FFF713FF280032
:10BC800080B201F006FF7F1C032FE4DBA4B220008A
:10BC900001F0FFFE224801F0F3FD224801F0F0FD23
:10BCA000214801F0EDFDF1BD00E100E080E200E09F
:10BCB00000E400E018ED00E0001000400014004037
:10BCC000000C0040000400400007314000093140F2
:10BCD0005507091000183840801A3840801938403C
:10BCE00008183840881A38408819384014183840E5
:10BCF0001C183840941A38409C1A3840941938401F
:10BD00009C19384040183840C01A3840C019384093
:10BD1000000031400001314080023140390B0910F0
:10BD20000007384080033840800438400807384016
:10BD30008803384088043840140738401C073840CE
:10BD4000940338409C033840940438409C043840A5
:10BD500040073840C0033840C004384010B50400E4
:10BD6000002201210120FFF7D4FC00220021200045
:10BD700080B2FFF780FC10BD10B504000122002145
:10BD80000120FFF7C6FC00220021200080B2FFF74F
:10BD900072FC10BD10B50400002201210120FFF744
:10BDA000B8FC0022210089B20020FFF764FC10BD1E
:10BDB00010B50400012201210020FFF7AAFC002297
:10BDC000210089B20020FFF756FC10BD10B5040019
:10BDD000012200210120FFF79CFC220092B20021E9
:10BDE0000020FFF748FC10BD10B50400012201211E
:10BDF0000020FFF78EFC220092B200210020FFF706
:10BE00003AFC10BD80B5002200210020FFF733FC72
:10BE1000002200210020FFF77CFC01BD10B50400CA
:10BE2000002201210120FFF782FE002200212000D4
:10BE300080B2FFF737FE10BD10B5040001220021CB
:10BE40000120FFF774FE00220021200080B2FFF7DE
:10BE500029FE10BD10B50400002201210120FFF7CA
:10BE600066FE0022210089B20020FFF71BFE10BDF4
:10BE700010B50400012201210020FFF758FE002226
:10BE8000210089B20020FFF70DFE10BD10B504009F
:10BE9000012200210120FFF74AFE220092B2002178
:10BEA0000020FFF7FFFD10BD10B5040001220121A5
:10BEB0000020FFF73CFE220092B200210020FFF795
:10BEC000F1FD10BD80B5002200210020FFF7EAFD42
:10BED000002200210020FFF72AFE01BD4269012255
:10BEE00012FA01F141614069704710B4836901247D
:10BEF0008C40A34312F0010212FA01F1194381614F
:10BF000010BC7047C069C84010F00100704770B5A0
:10BF1000040000262100C9B20820214D91FBF0F257
:10BF200000FB12112000C0B2C010C0012844FFF76E
:10BF3000E9FF00280ED02100C9B2082091FBF0F2E1
:10BF400000FB1211E4B2E410E40105EB0400FFF77A
:10BF5000C5FF01263000C0B270BD10B50100C9B2E6
:10BF60000823012291FBF3F403FB14110C4BC0B224
:10BF7000C010C0011844FFF7B8FF10BD10B5010094
:10BF8000C9B20823002291FBF3F403FB1411044B04
:10BF9000C0B2C010C0011844FFF7A7FF10BD0000D9
:10BFA0000000314010B4012291F94C30052B03D22E
:10BFB00091F94D30052B01D31000AFE0002800F0BF
:10BFC000AC80002900F0A980554A126891F905302B
:10BFD00063F392428B7913F0030363F311420B7AFC
:10BFE00013F0070363F31A62CB7963F39E720B7D40
:10BFF00063F3000291F8243063F3410202600A798E
:10C0000002F0FF0210F130031C68240A24022243CC
:10C010001A6091F90520012A0DD191F90620002A14
:10C0200002D10022826008E091F90620012A04D1A1
:10C030000A68826001E001228260CA6802610A69BE
:10C040004261CA6982610A6AC2610A680262354A4B
:10C0500012680B7E03F0FF03120A12021A4391F8D2
:10C06000303003F0FF0363F3174291F8403003F0E0
:10C07000FF0363F31F6291F8483003F0FF0363F39B
:10C080000F224264284A126891F8383003F0FF0307
:10C09000120A12021A4391F8283003F0FF0363F3E7
:10C0A0000F228264214A12688B7D13F003039208E9
:10C0B00092001A4391F8253013F0030363F38B22A7
:10C0C00091F82C3013F0030363F3051291F8343028
:10C0D00013F0030363F3092291F83C3013F00303D8
:10C0E00063F3871291F8443013F0030363F3830280
:10C0F000C2640F4A126891F84C3013F00703D2085B
:10C10000D2001A4391F84D3013F0070363F306127F
:10C11000426591F9151081670022100010BC70472C
:10C12000F45A0910F85A0910FC5A0910005B09105A
:10C13000045B0910016851F000410160704701681B
:10C1400021F000410160704781607047806870474E
:10C15000016270477830016851F001010160704759
:10C1600010F170010A6852F001020A60006F704716
:10C170004030016851F010010160704740B2002862
:10C1800004D0012808D003280BD00FE0202901D3C8
:10C19000012000E000207047102901D30120FAE7B8
:10C1A000F8E7082901D30120F5E7F3E70120F2E7DA
:10C1B00070B505000E0014006400641C31002800F6
:10C1C00040B2FFF7DBFF012801D101200EE028007B
:10C1D00040B200280DD1B4F5807F08D26E4800EB44
:10C1E0008600016864F30F210160002070BD01200A
:10C1F000FCE76DB2012D0CD1B4F5803F07D2674842
:10C2000000EB8600016864F317210160EDE701206F
:10C21000ECE70120EAE770B504000D0016003100DC
:10C22000280040B2FFF7AAFF012801D101200DE04C
:10C230005B49200040B251F820006DB265F309203F
:10C2400066F3070064B241F82400002070BD38B5E1
:10C2500004000D002900200040B2FFF78FFF0128E5
:10C2600001D101200FE04F49086850F0004050F024
:10C27000407050F47F0064B264F3092065F3070056
:10C2800008600868002032BD38B50400464D200023
:10C2900040B2C001284410F5C070FFF74BFF64B2F4
:10C2A000E40105EB040010F5C070FFF761FF31BD3C
:10C2B00010B504003C48210049B2C901084410F5FA
:10C2C000C070FFF743FF394964B2095D012902D10B
:10C2D0004FF4FA5100E00821B0FBF1F010BD80B539
:10C2E0000021314A40B2C001104410F5C070FFF780
:10C2F0002BFF01BD70B594B004000D005021002249
:10C300006E46300000F0A4FC2848210049B2455494
:10C310000022012114F1770040B2FFF77CFF0922CF
:10C3200000210120FFF744FF00210120FFF78FFFCC
:10C330005FF0FF30009000208DF8040000208DF8A1
:10C34000050000208DF8060000208DF8080003206D
:10C350008DF844000120129001208DF80700124D45
:10C360006946200040B2C001284410F5C070FFF7B4
:10C3700019FE200040B2C001284410F5C070FFF73C
:10C38000DEFE002164B2E40105EB040010F5C0708C
:10C39000FFF7DAFE14B070BD00100040001400403A
:10C3A000000C004000040040000039405C19020805
:10C3B000C0F3C75181B1FF2906D0C110400721F059
:10C3C000E04101F16051704741020CBF40F4E001CF
:10C3D0006FF000410020704700F0004100020AD0D9
:10C3E000B0FA80FC00FA0CF001F16051A1EB0C51A5
:10C3F00001EBD0214005704730B540F2FF7C1CEACC
:10C4000011541DBF1CEA1355644565453FE064198E
:10C4100081EA030C6FF35F530CF0004C43F480137C
:10C42000C90241F0004141EA505EC5021100A5FB7E
:10C43000020200284FF00000EEFB01204FF0000147
:10C44000E3FB052118BF42F00102401800214941D9
:10C45000E3FB0E01A4F580640D0302D29218404163
:10C46000494154F1010470DD450872F1004250F178
:10C47000000051EB0451A1F5801102D441EA0C01F6
:10C4800030BD40F2FF7E4CEA0E51002030BD0CEA78
:10C490001355644518BF654581EA030C0CF0004C48
:10C4A00041D050EA410E1CBF52EA430E02E0614601
:10C4B000002030BD24422C441BD15FEA050EF6D08B
:10C4C000090302BF01460020AEF1140EB1FA81F556
:10C4D000AEEB050401FA05FE0C35C5F1200100FAAA
:10C4E00005F5C8404EEA000E6FF35F5343F4801326
:10C4F0009CE733F00043B3FA83F504BFB2FA82FE3F
:10C5000075440B3D641BB5F1200E2FBF02FA0EF3EC
:10C51000AB40C5F1200E22FA0EFE38BF43EA0E03EF
:10C52000AA40641C7CE750EA410E14BF52EA430E55
:10C530006FF000014FF4001515EB430F8EBF194645
:10C5400015EB410F9DE7B4D830BDD4F10104B4F12F
:10C5500020050FDAC4F12005520828BF42F001027D
:10C5600010FA05FE01FA05F57244E2BFE0402843E7
:10C57000E1400FE0352C9ADCC5F1200452EA40027C
:10C5800020FA05F218BF42F0010231FA05F0A1408D
:10C590000A43002172F1004250F1000051EB0C01FE
:10C5A00030BDF0B40246106895681318506803EB6C
:10C5B0005004C00748BF4D44A3422DD013F8016B6F
:10C5C00016F0030004BF13F8010BC01C31090F293A
:10C5D00007D113F8011B0F3103E013F8017B05F8B5
:10C5E000017B401EF9D10029E6D013F8010BC6F3F8
:10C5F0008106032E08BF13F8016B00EB06204042B2
:10C6000028440026B71E8F421EBF10F8017B05F894
:10C61000017B761CF6D1CFE7F0BC02F10C0070472D
:10C6200041EA030C50EA4C0C52EA0C0C4FF4001C8B
:10C6300009D307D01CEB410F9CBF1CEB430F8B426F
:10C6400008BF824270471CEB430FFBD8994208BFDA
:10C650009042704741EA030C50EA4C0C52EA0C0C31
:10C660004FF4001C09D307D01CEB410F9CBF1CEBFF
:10C67000430F994208BF904270471CEB410FFBD813
:10C680008B4208BF8242704770B491EA030F4FF0AB
:10C69000004540F1BF806B40841A71EB030604D261
:10C6A0006E40001BB141121973414FF4001C1CEB8A
:10C6B000410F34BF7CEB430683E00C0DA4EB135613
:10C6C000362E00F37C80012E45EAC32341DC43EA89
:10C6D000525312BFD20292025B08240545EAC121DF
:10C6E00041EA5051D2EBC020994125D407D1B0FA8C
:10C6F00080F610FA06F162D00020203608E0B1FA88
:10C7000081F6B140C6F1200220FA02F21143B04096
:10C710004FEAF474B4EB465434F001064FEA740463
:10C720000AD8D6F50016760D04F00044F04061FA00
:10C7300006F25040F1404840C00A40EA415021F022
:10C74000004128BF5FEA500550F1000044EBD121C1
:10C7500035E0DB0A45EAC121C90AB6F120050EDD44
:10C7600042EA0242120CC5F1200603FA06F6EB403B
:10C7700042EA06056D42984161F100010DE062FA5E
:10C7800006F5F240554063FA06FC82EA0C02F340DB
:10C790005A406D42904161EB030111F4801F05D1B5
:10C7A000641E620502D06D004041494121F48011B0
:10C7B000430875F1004350F1000041EB045170BC97
:10C7C00070471CEB410F15D223F0004352EA430699
:10C7D0000BD04FEA4C0CBCEB410F04D80C0D661E7D
:10C7E000342EB7DDEBE7801A994150EA410608BFC5
:10C7F0000021E4E708BF1CEB430F28BF6FF00001E6
:10C80000DDE7000070B491EA030F4FF000457FF5BB
:10C8100043AF6B40841A71EB030603D2001BB14196
:10C82000121973414FF4001C1CEB410F34BF7CEB19
:10C83000430442E00C0DA4EB1356352E4FDC45EAC1
:10C84000C323DB0A45EAC121C912B6F120050DDD7B
:10C8500063FA05F6EB4086EA0305124218BF45F07D
:10C860000105C01851F100010CD213E062FA06F57F
:10C87000F2405540F3415A40B340F3405A408018CB
:10C88000594107D349085FEA30005FEA350528BF00
:10C8900045F0010501F58011420875F1004250F1A3
:10C8A000000041EB04514E0016F5001F70BC38BF6C
:10C8B00070470020090D090570471CEB410F10D28D
:10C8C00052EA43060BD0BCEB410F05D80C0DAB432D
:10C8D000661E342EB6DD02E0AB438018594170BCB1
:10C8E000704770BC70470268531C0360117070473A
:10C8F00001F000428B1AA3F16051B1F5801F0ADBF1
:10C90000B1F17F6F1FD242EAC102C10071F1004153
:10C9100042EB507070470B15C3F10903212B10D265
:10C92000890241EA905180020128494141F00041C9
:10C9300021FA03F0C3F12003994071F10041504105
:10C940007047100070476FF0000013EB103F5CBFA2
:10C95000000E42EAC050704770B54FF432640020B8
:10C9600000224FF4FA411A20FEF788FA00224FF411
:10C97000FA411F20FEF782FA00224FF4FA411D20EF
:10C98000FEF77CFA0323002201217120FEF7B7FB9A
:10C990000323002201219520FEF7B1FB032300228F
:10C9A00001219720FEF7ABFB00224FF4FA410A2049
:10C9B000FEF764FA00224FF4FA410420FEF75EFA13
:10C9C00000224FF4FA410520FEF758FA0323002213
:10C9D00001210320FEF793FB0323002201211120F4
:10C9E000FEF78DFB0323002201212920FEF787FBA0
:10C9F0004FF47A711D20FEF7E1F901219520FEF731
:10CA00003BFB4FF47A710520FEF7D8F90121112084
:10CA1000FEF732FB002622E030F916502DB26D00F1
:10CA2000B5F500650BE030F9161009B24900B1F513
:10CA3000006141F201029142EEDB4FF48055ADB24C
:10CA40006D08290089B21A20FEF7B8F9ADB22900A5
:10CA50000A20FEF7B3F93E2000F0F0FF761C20001C
:10CA600080B286420ADA794830F9161009B24900D4
:10CA7000B1F500610029D6D50025E0E700211A2094
:10CA8000FEF79CF900211D20FEF798F90021952062
:10CA9000FEF7F2FA00210A20FEF790F900210520A6
:10CAA000FEF78CF900211120FEF7E6FA4FF47A71B7
:10CAB0001A20FEF783F901219720FEF7DDFA4FF4E3
:10CAC0007A710A20FEF77AF901212920FEF7D4FABB
:10CAD000002526E015FA84F130F9116036B27600AF
:10CAE000B6F500660DE015FA84F130F9111009B2BF
:10CAF0004900B1F5006141F201029142EADB4FF4D5
:10CB00008056B6B27608310089B21F20FEF756F97A
:10CB1000B6B231000420FEF751F93E2000F08EFF3E
:10CB20006D1C200080B285420CDA484815FA84F169
:10CB300030F9111009B24900B1F500610029D2D5D0
:10CB40000026DEE700211F20FEF738F900211A2019
:10CB5000FEF734F900219720FEF78EFA0021042019
:10CB6000FEF72CF900210A20FEF728F900212920E0
:10CB7000FEF782FA4FF47A711F20FEF71FF90121A8
:10CB80007120FEF779FA4FF47A710420FEF716F956
:10CB900001210320FEF770FA00252AE0210089B266
:10CBA00015EB410130F9116036B27600B6F500663A
:10CBB0000FE0210089B215EB410130F9111009B2E3
:10CBC0004900B1F5006141F201029142E6DB4FF408
:10CBD0008056B6B27608310089B21D20FEF7EEF815
:10CBE000B6B231000520FEF7E9F83E2000F026FF3E
:10CBF0006D1C200080B285420EDA1448210089B2F3
:10CC000015EB410130F9111009B24900B1F500618D
:10CC10000029CED50026DCE700211D20FEF7CEF846
:10CC200000211F20FEF7CAF800217120FEF724FA28
:10CC300000210520FEF7C2F800210420FEF7BEF80F
:10CC400000210320FEF718FA70BD00BFA4490810A8
:10CC500062F30F2262F31F42401810F0030308D062
:10CC6000C91A1FD3DB0748BF00F8012D28BF20F8E1
:10CC7000022D130030B414461546103928BF20E9A0
:10CC80003C00FAD8490728BF20E90C0048BF40F80B
:10CC9000042D890028BF20F8022D48BF00F8012D7F
:10CCA00030BC7047C91818BF00F8012DCB0728BF4A
:10CCB00000F8012D7047000030B4624B1818C0090D
:10CCC000614C14EB001404290DD223681F25C80001
:10CCD0008540AB4352B212F01F02C90012FA01F1B3
:10CCE000194321600CE0091F63681F25C8008540B7
:10CCF000AB4352B212F01F02C9008A401A4362606D
:10CD000030BC7047002A04D1012212FA01F14160BF
:10CD100003E0012212FA01F18160704710B489002A
:10CD2000436C0F248C40A34312F00F0212FA01F15E
:10CD30001943416410BC704710B4836C01248C40CB
:10CD4000A34312F0010212FA01F11943816410BCED
:10CD5000704710B4C36C01248C40A34312F001024D
:10CD600012FA01F11943C16410BC704710B44900B4
:10CD70001031C36C03248C40A34312F0030212FA57
:10CD800001F11943C16410BC70474269012212FAD3
:10CD900001F141614069704710B4836901248C40FE
:10CDA000A34312F0010212FA01F11943816110BC90
:10CDB000704710B44900036C03248C40A34312F065
:10CDC000030212FA01F11943016410BC7047F8B56F
:10CDD00005000E0014000027002D2FD0002C2DD0B0
:10CDE000226831002800FFF78DFF94F908203100F8
:10CDF0002800FFF761FF626931002800FFF79CFF00
:10CE0000A26931002800FFF7A4FFE2693100280081
:10CE1000FFF7ACFF626831002800FFF77FFFE26890
:10CE200031002800FFF7C5FF31002800FFF7ADFFF4
:10CE3000226931002800FFF7AFFF00E0034F380000
:10CE4000F2BD00000000CFBF0000304001005A00DA
:10CE5000010009B2002908D4012210F01F018A4004
:10CE60001B4900B2400941F820207047010009B277
:10CE7000002908D4012210F01F018A40154900B290
:10CE8000400941F820207047020012B2002A04D461
:10CE90004901114A00B2115407E049010F4A00B29A
:10CEA00010F00F00104400F8041C7047002800D157
:10CEB00062B60B480168491C0160704772B60849A8
:10CEC0000868002802D00868401E0860086870479B
:10CED00000E100E080E200E000E400E018ED00E0A6
:10CEE0004019020880B5FFF7E9FFFDF75AFF01BDC1
:10CEF00080B5C9B200B2FFF7C7FF01BD70B504002D
:10CF00000D001600200000F0E5FC2900B4F9000037
:10CF100000F0FCFC3100C9B2B4F90200FFF7E8FFF1
:10CF2000B4F90200FFF7A2FFB4F90200FFF790FF87
:10CF300070BD000040B2002804D0012808D00328AA
:10CF40000BD00FE0202901D3012000E00020704722
:10CF5000102901D30120FAE7F8E7082901D30120BD
:10CF6000F5E7F3E70120F2E770B505000E001400C5
:10CF70006400641C3100280040B2FFF7DBFF012889
:10CF800001D101200FE0280040B200280ED1B4F5F5
:10CF9000807F09D2DFF8900200EB8600016864F31D
:10CFA0000F210160002070BD0120FCE76DB2012D52
:10CFB0000CD1B4F5803F07D29C4800EB8600016895
:10CFC00064F317210160EDE70120ECE70120EAE7B7
:10CFD00070B504000D0016003100280040B2FFF7C4
:10CFE000A9FF012801D101200DE09149200040B2A4
:10CFF00051F820006DB265F3092066F3070064B2B2
:10D0000041F82400002070BD38B504000D0029004F
:10D01000200040B2FFF78EFF012801D101200FE070
:10D020008449086850F0004050F0407050F47F0090
:10D0300064B264F3092065F3070008600868002003
:10D0400032BD80B5010049B2032906DA7A4940B2FF
:10D05000C0010844FFF784F807E0784940B2C001F6
:10D060000844B0F5C070FFF77BF801BD70B596B00D
:10D0700004000D005021002202AE3000FFF7E8FD51
:10D080000026200040B2032858DA0022012114F1C2
:10D09000740040B2FFF79CFF092200210120FFF736
:10D0A00063FF00210120FFF7AFFF200040B200F234
:10D0B0007710ADF800000220ADF8020001208DF8D5
:10D0C000040000225E48210049B250F82110684651
:10D0D000FFF714FFED00029500208DF80C000020F2
:10D0E0008DF80D0000208DF80E0000208DF8100046
:10D0F00003208DF84C000120149000208DF854007E
:10D1000000208DF855004C4D02A9200040B2C0010E
:10D110002844FEF747FF200040B2C0012844FFF733
:10D1200009F8200040B2C0012844FFF721F864B29A
:10D13000E40105EB0400FFF70DF873E00022012184
:10D1400014F1650040B2FFF743FF092200210120DE
:10D15000FFF70AFF00210120FFF756FF200040B231
:10D160000D2802D10320ADF80200200040B20E28A5
:10D1700002D10420ADF80200200040B210F5B470D6
:10D18000ADF8000001208DF8040000222C48210099
:10D1900049B250F821106846FFF7B0FEED000020BC
:10D1A00005E0B5F5803F01D3761C6D08401C0828CA
:10D1B000F7DB02958DF80C6000208DF80D00002043
:10D1C0008DF80E0000208DF8100003208DF84C0023
:10D1D0000120149000208DF8540000208DF8550097
:10D1E000164D02A9200040B2C0012844B0F5C0701D
:10D1F000FEF7D8FE200040B2C0012844B0F5C07050
:10D20000FEF798FF200040B2C0012844B0F5C0707E
:10D21000FEF7AEFF64B2E40105EB0400B0F5C070A8
:10D22000FEF798FF16B070BD0010004000140040DB
:10D23000000C0040000400400000394000803840ED
:10D240002806020882B000200190002000900020F3
:10D25000019009E00098401C00900098B0F5005F34
:10D26000F8D30198401C01900198B0F5805F02D27C
:10D2700000200090F1E702B0704780B50100002067
:10D2800000F093FE01BD2DE9F043ADF5137D0700DD
:10D29000884616001C000020ADF802000020ADF802
:10D2A0000000002002900020ADF804000020ADF83E
:10D2B0000600404601F0A8F80290DFF8885328885D
:10D2C000002801D028698047DFF87C030078002817
:10D2D00000F036812888002800F01481BDF906008E
:10D2E000411CADF806103A00010089B20020EB683D
:10D2F00098474746404601F087F802906888A97928
:10D3000090FBF1F0ADF804003800471C90F90000E4
:10D310000028F9D10020ADF8000010E07F1E97F939
:10D3200000002F2803D097F900005C2804D1BDF835
:10D330000000401CADF800000298401E0290BDF8AD
:10D340000000022802DA02980028E7D50298002897
:10D3500006D47A1CDFF8F41253A801F071F80EE03D
:10D36000BDF80000002805D13A00B94953A801F0E2
:10D3700067F804E03A00B54953A801F061F80020CD
:10D38000ADF8020042E0BDF80010BDF80020BDF885
:10D39000023053AF9BB2BDF90400434313FA82F04D
:10D3A000385C43AA89B25054BDF80000401CADF867
:10D3B0000000BDF8000080B2BDF9041088420EDA0A
:10D3C00053A801F021F8BDF80020BDF802309BB24F
:10D3D000BDF904104B4313FA82F18842D3D20020E6
:10D3E00043A9BDF800208854BDF90600411CADF8E2
:10D3F000061043AAE97911FB00F189B20020EB681D
:10D400009847BDF80200401CADF80200BDF802705C
:10D4100053A800F0F9FFBDF90410B0FBF1F0401C77
:10D42000BFB2874203D20020ADF80000C1E732004E
:10D43000884953A801F004F8BDF90600411CADF875
:10D44000061053AAE97911FB00F189B20020EB68BC
:10D450009847002C74D00020ADF8020041E0BDF8E0
:10D460000010BDF80020BDF802309BB2BDF90400E9
:10D47000434313FA82F0205C43AA89B25054BDF8AA
:10D480000000401CADF80000BDF8000080B2BDF9FE
:10D49000041088420EDA200000F0B6FFBDF800202C
:10D4A000BDF802309BB2BDF904104B4313FA82F170
:10D4B0008842D4D2002043A9BDF800208854BDF989
:10D4C0000600411CADF8061043AAE97911FB00F1F2
:10D4D00089B20020EB689847BDF80200401CADF807
:10D4E0000200BDF80260200000F08EFFBDF90410BC
:10D4F000B0FBF1F0401CB6B2864221D20020ADF85C
:10D500000000C1E74FF4807100220DF10C0948467C
:10D51000FFF79EFB3800A9688847002C07D00094CD
:10D52000330042464C4903A800F08AFF05E033006F
:10D5300042464A4903A800F083FF03A8A968884728
:10D540000DF5137DBDE8F08310B53F480078002845
:10D5500009D0444C2100002000F038FD01222100B8
:10D560003F4800F0F9FF10BD10B51400220052B280
:10D57000022000F00BFD200010BD38B50C00150096
:10D58000C0B2002803D138480078002800D131BD4E
:10D5900036490878002800D0FEE70878401C08705B
:10D5A000FFF7A0FC00232A0021003148FFF76BFEA3
:10D5B000FFF748FEF6E7002101804FF6FF7141803A
:10D5C0008180FF218171C171002181600021C160D2
:10D5D0000021016170471B4902880A8042884A8005
:10D5E00082888A8082798A71C279CA7182688A60E7
:10D5F000C268CA6000690861012013490870704759
:10D6000000B585B06846FFF7D6FF1A480290684615
:10D61000FFF7E1FF05B000BD80B5FFF7F1FF002384
:10D6200000225FF46121002000F0FAFD4023124A3D
:10D6300000210B4801F090F90121002000F071FD5C
:10D6400001BD0000B41802086B190208245A091021
:10D6500074590910305A0910A458091010590910AA
:10D66000881802086C1902089E0602086D19020843
:10D67000845909107BD2081094170208012200284F
:10D6800000F0EE80002900F0EB80764A12680B7AF9
:10D6900063F392420B7B13F0030363F311420B78A5
:10D6A00013F0070363F31A628B7863F39E7291F8A9
:10D6B000283063F3000291F8343063F341020B7FAA
:10D6C00063F382024B7F63F3C30291F9403063F34B
:10D6D0008A2291F940305B1063F3492291F870304F
:10D6E00063F3082291F8713013F0030363F30D32F2
:10D6F00002600A7A002A02D10022826007E00A7AD8
:10D70000012A02D14A69826001E0012282600A6A2C
:10D7100002614A6A4261CA6A82610A6BC2614A69ED
:10D7200002628A694262504A126891F8443003F0FA
:10D73000FF03120A12021A4391F84C3003F0FF0360
:10D7400063F3174291F85C3003F0FF0363F31F6249
:10D7500091F86C3003F0FF0363F30F224264434AF5
:10D76000126891F8643003F0FF0363F30F2291F81D
:10D77000543003F0FF03120A12021A4382643C4A37
:10D78000126891F8413013F00303920892001A4393
:10D7900091F8603013F0030363F38B2291F8483063
:10D7A00013F0030363F3051291F8503013F00303F1
:10D7B00063F3092291F8583013F0030363F38712DF
:10D7C00091F8683013F0030363F38302C264294ABB
:10D7D000126891F8723013F00703D208D2001A438E
:10D7E00091F8733013F0070363F30612426591F961
:10D7F00035208267204A12680B7C13F003039208DD
:10D8000092001A43CB7C13F0030363F387124B7C23
:10D8100013F0030363F383028B7C13F0030363F3BE
:10D8200005120265154A1268CB8863F31F428B8884
:10D830009BB21B0A9BB263F30F2291F90030052BB8
:10D8400006D1097901F0FF01120A12020A4305E02C
:10D85000497801F0FF01120A12020A430263002212
:10D8600010007047085B09100C5B0910105B091071
:10D87000145B0910185B09101C5B0910205B091070
:10D88000F0210160002181605FF0FF3101614161A1
:10D890008161C161016241624FF480714164002184
:10D8A00081644FF6FF71C16432214165FF2101653A
:10D8B00000210167002141670021816770470168ED
:10D8C00051F0004101607047016821F000410160A2
:10D8D0007047000001000020124A1368002913D08D
:10D8E0008A7812F00702DB08DB0013430A79002A6A
:10D8F00001D0012200E0002262F3DF730A4AB1F98D
:10D90000001042F8213000E005487047074B1A68C4
:10D91000002A03D01A6800B242F8201070470000B5
:10D9200001005600F05A091000A02040FC05020832
:10D9300040B2002804D0012808D003280BD00FE003
:10D94000202901D3012000E000207047102901D3D5
:10D950000120FAE7F8E7082901D30120F5E7F3E70A
:10D960000120F2E770B505000E0014006400641C8D
:10D970003100280040B2FFF7DBFF012801D1012070
:10D980000EE0280040B200280DD1B4F5807F08D207
:10D990007C4800EB8600016864F30F2101600020E1
:10D9A00070BD0120FCE76DB2012D0CD1B4F5803FB4
:10D9B00007D2754800EB8600016864F31721016007
:10D9C000EDE70120ECE70120EAE770B504000D0067
:10D9D00016003100280040B2FFF7AAFF012801D14C
:10D9E00001200DE06949200040B251F820006DB2DD
:10D9F00065F3092066F3070064B241F824000020B3
:10DA000070BD38B504000D002900200040B2FFF7BA
:10DA10008FFF012801D101200FE05D49086850F017
:10DA2000004050F0407050F47F0064B264F309206D
:10DA300065F3070008600868002032BDF8B50600ED
:10DA4000F600544C544D00212078C0012844FEF7C4
:10DA50007BFB12E02078C0012844FEF777FBB84238
:10DA6000F8D32078C0012844FEF770FB361A002155
:10DA70002078C0012844FEF767FB4CF25137BE42C4
:10DA8000E8D22078C0012844FEF760FB8642F8D235
:10DA9000F1BDF8B504004FF4FA5044433D4D3E4EFD
:10DAA00000212878C0013044FEF74EFB14E02878AE
:10DAB000C0013044FEF74AFBB842F8D3374F3C1957
:10DAC0002878C0013044FEF741FB3F183900287820
:10DAD000C0013044FEF738FB4CF25137BC42E6D26D
:10DAE0002878C0013044FEF731FB8442F8D2F1BD02
:10DAF00038B594B0502100226C462000FFF7A8F8FA
:10DB000000220121264890F90000FFF75EFF09225C
:10DB100000210120FFF726FF00210120FFF771FF00
:10DB20005FF0FF30009000208DF8040000208DF899
:10DB3000050000208DF8060000208DF80800032065
:10DB40008DF844000120129001208DF80700114C3F
:10DB5000114D69462078C0012844FEF723FA207849
:10DB6000C0012844FEF7E6FA00212078C0012844CD
:10DB7000FEF7EAFA2078C0012844FEF7F9FA15B05A
:10DB800030BD00000010004000140040000C0040B8
:10DB900000040040A006020800003940B03CFFFF2E
:10DBA0009F06020840B2002804D0012808D00328AC
:10DBB0000BD00FE0202901D3012000E000207047A6
:10DBC000102901D30120FAE7F8E7082901D3012041
:10DBD000F5E7F3E70120F2E7F8B507000D001600BE
:10DBE0001C002900380040B2FFF7DCFF012801D1FA
:10DBF000012017E0380040B2022816D1B6F5803F68
:10DC000011D2202C0FD2DFF8C00700EB85010A6883
:10DC100066F317220A6000EB8500016864F3C70110
:10DC200001600020F2BD0120FCE77FB2032F17D175
:10DC3000B6F1807F12D2202C10D2DFF8900700EBD3
:10DC400085010A6802F0FF0252EA06220A6000EB30
:10DC50008500016864F3C7010160E2E70120E1E7A4
:10DC60000120DFE770B504000D0016003100280028
:10DC700040B2FFF797FF012801D101200EE0DFF845
:10DC80005017200040B251F820006DB265F3092012
:10DC900066F3070064B241F82400002070BD38B577
:10DCA00004000D002900200040B2FFF77BFF01288F
:10DCB00001D1012010E0DFF81C17086850F0004087
:10DCC00050F0407050F47F0064B264F3092065F3B3
:10DCD000070008600868002032BD012212FA01F135
:10DCE00081607047D0F840037047D0F80803C00542
:10DCF000C00D7047C0F840127047D0F80802C00548
:10DD0000C00D7047D0F80802C0F3C030704738B576
:10DD100005002800FFF7F1FF04002800FFF7F2FFDD
:10DD20000419002C01D1012000E00020C0B232BD56
:10DD3000C0F8C81F7047D0F8C80F7047C0F8C01FA0
:10DD4000D0F8C00F7047C0F8881F7047D0F8880F10
:10DD50007047C0F8801FD0F8800F7047016851F0FD
:10DD6000004101607047F8B5040001250A26DFF87C
:10DD70006876200040B257F82000FFF7DCFF40072C
:10DD800025D5200040B257F82000FFF7AEFF00284D
:10DD900016D0200040B257F82000FFF7A3FF010083
:10DDA000C9B2DFF83806220052B2182312FB03F280
:10DDB000104400F090FB761E3000C0B20028E0D185
:10DDC000042164B257F82400FFF7B8FF0FE02000E9
:10DDD00040B257F82000FFF7B9FF800507D54FF490
:10DDE000007164B257F82400FFF7B3FF0025280044
:10DDF000C0B2F2BD80B5112808D05A2812D05B28D5
:10DE00000DD05C2805D05D2806D00EE000F00FFE96
:10DE10000BE000F015FE08E000F017FE05E000F052
:10DE200021FE02E000F023FEFFE701BD38B504004B
:10DE3000150049B2002906D002291CD00FD30429AD
:10DE400031D024D33BE0DFF89805A0600120207397
:10DE5000112060731E20A0731120208235E0DFF8AE
:10DE60008405A06001202073112060732220A0731C
:10DE70005C20208229E0DFF87005A060012020737B
:10DE8000112060732320A0735D2020821DE0DFF845
:10DE90005C05A06001202073112060732120A07315
:10DEA0005B20208211E0DFF84805A060012020738C
:10DEB000112060732020A0735A20208205E0B72231
:10DEC000DFF830150020FFF758FB6DB2002D06D0AB
:10DED000022D1CD00FD3042D31D024D33BE0DFF82A
:10DEE0000005206000202071112060711E20A073A9
:10DEF0001120208235E0DFF8EC0420600020207142
:10DF0000112060712220A0735C20208229E0DFF8BC
:10DF1000D804206000202071112060712320A0739C
:10DF20005D2020821DE0DFF8C40420600020207105
:10DF3000112060712120A0735B20208211E0DFF8A6
:10DF4000B004206000202071112060712020A07397
:10DF50005A20208205E0E322DFF898140020FFF722
:10DF60000CFB31BD38B50400DFF86C54C9B2200099
:10DF700040B255F82000FFF7BDFE200040B255F832
:10DF80002000FFF7C4FE0028F7D031BD70B50500B2
:10DF90000E00140006E03178280040B2FFF7E2FFDF
:10DFA000641E761C002CF6D170BD38B504000D003F
:10DFB00007E028780100C9B2200040B2FFF7D2FF85
:10DFC0006D1C95F900000028F3D131BDF8B50400AF
:10DFD0000D0000201826DFF80474200040B210FB6A
:10DFE00006F0384400F066FA002809D00022290023
:10DFF00064B214FB06F0384400F080FB012000E01E
:10E000000020C0B2F2BD70B505000C00DFF8C86397
:10E01000280040B256F82000FFF798FE4008400064
:10E020000100280040B256F82000FFF78CFE2800BF
:10E0300040B256F82000FFF789FE30F002000100E0
:10E04000280040B256F82000FFF77DFE280040B2BD
:10E0500056F82000FFF77AFE30F02000010028007B
:10E0600040B256F82000FFF76EFE280040B256F886
:10E070002000FFF76BFE30F040000100280040B2A6
:10E0800056F82000FFF75FFE280040B256F8200047
:10E09000FFF75CFE30F010000100280040B256F897
:10E0A0002000FFF750FE280040B256F82000FFF78E
:10E0B0004DFE30F480700100280040B256F8200078
:10E0C000FFF741FE280040B256F82000FFF73EFE61
:10E0D00030F480600100280040B256F82000FFF7BD
:10E0E00032FE002C0ED0280040B256F82000FFF778
:10E0F0002DFE50F4007001006DB256F82500FFF7B8
:10E1000022FE0DE0280040B256F82000FFF71EFE68
:10E1100030F4007001006DB256F82500FFF713FED1
:10E1200070BD70B505000C00DFF8AC62280040B28D
:10E1300056F82000FFF7FFFD4008400001002800CE
:10E1400040B256F82000FFF7F3FD280040B256F821
:10E150002000FFF7F0FD30F008000100280040B279
:10E1600056F82000FFF7E4FD280040B256F82000E2
:10E17000FFF7E1FD30F020000100280040B256F822
:10E180002000FFF7D5FD280040B256F82000FFF729
:10E19000D2FD30F480700100280040B256F8200013
:10E1A000FFF7C6FD280040B256F82000FFF7C3FD78
:10E1B00030F400700100280040B256F82000FFF74C
:10E1C000B7FD280040B256F82000FFF7B4FD30F448
:10E1D00000600100280040B256F82000FFF7A8FDBB
:10E1E000002C0ED0280040B256F82000FFF7A3FD07
:10E1F00050F0040001006DB256F82500FFF798FDBD
:10E200000DE0280040B256F82000FFF794FD30F0F2
:10E21000040001006DB256F82500FFF789FD70BDBE
:10E220002DE9F841A7B005000F00160028003100C5
:10E23000C0B2C9B2884201D1012000E000201C0018
:10E24000DFF8B08140F2DD124146C0B2FFF795F928
:10E2500028002100C0B2C9B2884201D1012000E0EB
:10E2600000204FF4EF724146C0B2FFF786F902A8D2
:10E27000142100F001FC342100220DF16808404611
:10E28000FEF7E6FC4C2100220DF11C084046FEF78B
:10E29000DFFCFF003A0000235748012100F0F0FBAB
:10E2A0000700220052B2310049B202A8FFF7BEFDBA
:10E2B00008201B909DF80D008DF870001AAA9DF89B
:10E2C0000C100298FEF783FD9DF80C100298FFF7E2
:10E2D00004FD06201B909DF815008DF870001AAA09
:10E2E0009DF814100498FEF772FD00200790082096
:10E2F00008900820099002200B9000200C9000202C
:10E30000129000201490344C280040B254F82000A1
:10E3100000F010FE3948290049B2382211FB02F101
:10E3200000EB010207A9280040B254F8200000F0D9
:10E33000BFFC280040B254F82000FFF70FFD2A0070
:10E34000D2B203219DF91600FFF78CFC17F01F03D2
:10E35000C7F357122900C9B20320FFF73DFC29007B
:10E36000C9B20320FFF79BFC0021280040B2FFF751
:10E37000D8FE0021280040B2FFF745FEBDF9180085
:10E38000ADF800000720ADF8020001208DF8040070
:10E3900000221B48290049B250F821106846FEF7B8
:10E3A000ADFD40231748290049B2890100EB010265
:10E3B00000210A486DB2182415FB04F4204400F033
:10E3C000CBFA28B0BDE8F08100180040001C0040E6
:10E3D000000C004000040040880602086416020891
:10E3E000000031400003314080033140800631405D
:10E3F000000731402055091000002D314C1402084F
:10E40000740602080C13020800F10103810704D00E
:10E4100010F8011B820781B1FAD10268A2F1013123
:10E42000914311F0803104BF50F8042FF6E709BA88
:10E43000B1FA81F100EBD100401CC01A7047000016
:10E440000CB430B583B00A4606A9029104460025F3
:10E450000194009502AB01A9084878441E3000F0F1
:10E46000B4FD019A157000284EBF04460198041BA4
:10E47000204603B030BC5DF80CFB00BF6BE4FFFF2F
:10E4800082688918816003E082684169521A82605B
:10E49000816842699142F7D27047C2688918C160A9
:10E4A00003E0C2684169521AC260C1684269914280
:10E4B000F7D2704710B50400002C01D0012000E015
:10E4C00000207022DFF8CC14C0B2FFF756F8606964
:10E4D0002169401A10BD70B504000D00002C01D058
:10E4E000012000E000207E22DFF8A814C0B2FFF770
:10E4F00044F80026207810F0050F01D0042628E00B
:10E50000207850F004002070206900281CD094F975
:10E510000100002803D002280AD004D30CE0606870
:10E52000A168455408E06068A16820F8115003E034
:10E530006068A16840F8215001212000FFF7A0FF8A
:10E540002069401E206100E00526207810F0FB00C5
:10E550002070300040B270BD2DE9F8430500160070
:10E56000002D01D0012000E000200C00AA22DFF8DD
:10E570002414C0B2FFF701F800270020002C01D1BD
:10E580000327B7E0287810F0050F01D00427B1E089
:10E59000287850F0040028702869B042C0F0A580A7
:10E5A000D5F81480A868B8EB0008B04568D295F992
:10E5B0000100002803D0022841D01FD391E0424639
:10E5C00021006868AB6800EB0309484601F084FB52
:10E5D00041462800FFF754FFB6EB080204EB0801A0
:10E5E0006868AB6800EB0304200001F075FBB6EB34
:10E5F000080841462800FFF743FF72E05FEA48023F
:10E6000021006868AB6800EB4309484601F064FBF1
:10E6100041462800FFF734FFB6EB0802520004EB36
:10E6200048016868AB6800EB4304200001F054FB2C
:10E63000B6EB080841462800FFF722FF51E05FEAE9
:10E64000880221006868AB6800EB8309484601F046
:10E6500043FB41462800FFF713FFB6EB0802920088
:10E6600004EB88016868AB6800EB8304200001F0CC
:10E6700033FBB6EB080841462800FFF701FF30E006
:10E6800095F90100002803D002281DD00ED328E000
:10E69000320021006868AB6800EB0304200001F041
:10E6A0001BFB31002800FFF7EBFE1AE0720021008F
:10E6B0006868AB6800EB4304200001F00DFB3100FB
:10E6C0002800FFF7DDFE0CE0B20021006868AB68AF
:10E6D00000EB8304200001F0FFFA31002800FFF76F
:10E6E000CFFE2869861B2E6100E00527287810F0F0
:10E6F000FB002870380040B2BDE8F283F8B5040092
:10E700000D001600002C01D0012000E0002040F296
:10E710001D12DFF88012C0B2FEF72FFF0027002D78
:10E7200001D103272CE0207810F0030F01D0062739
:10E730003DE02000FFF7BEFE002801D1072736E0AC
:10E74000207850F00800207094F90100002803D0D0
:10E7500002280CD005D30FE06068E168405C2870A7
:10E760000AE06068E16830F81100288004E0606821
:10E77000E16850F821002860207810F0F700207040
:10E7800076B2002E13D120780B2801D102270EE09B
:10E79000207850F00200207001212000FFF77DFE5C
:10E7A0002069401C2061207810F0FD0020703800A6
:10E7B00040B2F2BD2DE9F04705000E001F00002D0C
:10E7C00001D0012000E000201400DFF8C88140F2F1
:10E7D0005B124146C0B2FEF7D0FE002C01D00120F2
:10E7E00000E000204FF4AE724146C0B2FEF7C5FE15
:10E7F0005FF0000800200020002E02D15FF0030827
:10E800008DE0297811F0030F03D020605FF0060837
:10E810009EE02800FFF74EFE2168884209D2206062
:10E820005FF00708002804D1287810F0F70028705E
:10E830008EE0287850F008002870D5F81490E86829
:10E84000B9EB00092068814523D395F90100002820
:10E8500003D0022813D008D35DE022686868E96815
:10E860000144300001F038FA55E02268520068682F
:10E87000E96800EB4101300001F02EFA4BE022681C
:10E8800092006868E96800EB8101300001F024FA29
:10E8900041E095F90100002803D0022827D011D3C8
:10E8A00039E04A466868E9680144B246504601F0DA
:10E8B00013FA2268B2EB090269684E44300001F095
:10E8C0000BFA28E05FEA49026868E96800EB410159
:10E8D000B246504601F000FA2268B2EB090252003B
:10E8E000696806EB4906300001F0F6F913E05FEACB
:10E8F00089026868E96800EB8101B246504601F080
:10E90000EBF92268B2EB09029200696806EB89060E
:10E91000300001F0E1F9287810F0F70028707FB29C
:10E92000002F15D128780B2802D15FF002080FE0E4
:10E93000287850F00200287021682800FFF7ADFD0C
:10E940002969206841182961287810F0FD00287095
:10E95000404640B2BDE8F087F8B504000E0017004D
:10E960001D00002C01D0012000E000204FF40772B0
:10E970000849C0B2FEF701FE002067600021217047
:10E9800066700021A1600021E1602561656140B2EF
:10E99000F2BD00003852091080B50120FEF751FB8E
:10E9A00001BD80B50120FEF74CFB01BD80B5022002
:10E9B000FEF747FB01BD80B50320FEF742FB01BD1A
:10E9C00080B50420FEF73DFB01BD80B50520FEF7B4
:10E9D00038FB01BD80B50620FEF733FB01BD80B5D5
:10E9E0000720FEF72EFB01BD80B50820FEF729FBAE
:10E9F00001BD80B50920FEF724FB01BD80B50A20CA
:10EA0000FEF71FFB01BD80B50B20FEF71AFB01BD11
:10EA100080B50C20FEF715FB01BD80B50D20FEF77B
:10EA200010FB01BD80B50E20FEF70BFB01BD80B5CC
:10EA30000020FFF798F9002801D0FEF785FD01BD01
:10EA400080B50120FFF78FF901BD80B50220FFF7E7
:10EA50008AF9002802D0024801F0F3FB01BD000052
:10EA6000A018020880B50320FFF77DF901BD80B52D
:10EA70000420FFF778F901BD002201F033BC00004B
:10EA8000BBBBE1B1B2F5803F80F07E80022A1ED987
:10EA90008C46B1FBF2F102FB11C31B0443EA1043A5
:10EAA000B3FBF2FC02FB1C3380B240EA0343B3FB2E
:10EAB000F2F002FB103240EA0C4000237047022AB9
:10EAC00005D98446B0FBF2F002FB10C270474AB190
:10EAD00005D100F0010249085FEA300070470022CA
:10EAE0000023704701F018BC0B0002000021002039
:10EAF0007047904271EB030CF6D3B3F5803F2FD2F1
:10EB0000F0B5B3FA83F7B1FA81F4A7F10F0E3D1B0C
:10EB10005340CEF1200602FA0EF2F3415340B5F114
:10EB20000F0746D80F3C2C444140C4F12006A040BA
:10EB3000F1414140B1FBF3F603FB1611A2FB064580
:10EB4000001BA94102D2761E8018594180EA0102B9
:10EB500021FA0EF362FA0EF200215A403046F0BD5F
:10EB600030B4B1FBF3FC03FB1C11A2FB0C45001BF2
:10EB7000A94103D2ACF1010C8018594130BC0246C6
:10EB80000B46604600217047B2F1807F65D3F0B537
:10EB9000B2FA82F7B1FA81F4C7F10F063D1B22FAEF
:10EBA00006F307F1110EF24120355A40B5F10F0777
:10EBB000B8D94140C4F12006A040F1414140B1FB29
:10EBC000F3FC03FB1C11A2FB0C45001BA94103D263
:10EBD000BCF1010C801859410F2F12D30F3FC9030C
:10EBE00041EA5041B1FBF3F603FB1611A2FB0645C7
:10EBF000D4EBC030A94102D2761E8018594146EAB2
:10EC0000CC3C07B34140C7F12006B840F141414038
:10EC1000B1FBF3F603FB1611A2FB0645001BA9414D
:10EC200002D2761E8018594180EA010221FA0EF3C1
:10EC3000C7F1200462FA0EF20CFA07F05A402CFADF
:10EC400004F13043F0BD80EA010221FA0EF3002105
:10EC500062FA0EF260465A40F0BD8C46B1FBF2F10A
:10EC600002FB11C31B0243EA1063B3FBF2FC02FB7D
:10EC70001C331B024CEA002043EA1063B3FBF2FC96
:10EC800002FB1C331B024CEA002043EA1063B3FB77
:10EC9000F2FC02FB1C331B024CEA002043EA106327
:10ECA000B3FBF2FC02FB1C324CEA0020002370474D
:10ECB0002DE9F44FDFF8D822DFF8D8321B68DFF8EF
:10ECC000D8422468DFF8D4522D68DFF8D462366861
:10ECD000DFF8D0723F68DFF8D0C2DCF800C0DFF8A0
:10ECE000CCE2DEF800E0DFF8C882D8F80080DFF878
:10ECF000C492D9F80090DFF8C0A2DAF800A000288A
:10ED000000F01581002900F012810A68022A06D15C
:10ED100091F82620002A02D15FF0000B03E0D1F821
:10ED200004B0BBF1010B91F82420002A01D001228C
:10ED300000E0002262F3104333F440436BF303031B
:10ED4000022262F3196303600A7812F0030262F38D
:10ED50001964046491F82520002A01D0012200E002
:10ED6000002262F38615CA7E002A01D0012200E04B
:10ED7000002262F38A254A7E002A01D0012200E0A7
:10ED8000002262F308258A7E002A01D0012200E0D9
:10ED9000002262F349258A6B521E12F00F0262F3C1
:10EDA00013450A69521E12F00702ED08ED001543E3
:10EDB0004A6962F304154A69520862F3451585648D
:10EDC0000A7B002A01D0012200E0002262F308261B
:10EDD0000A7E002A01D0012200E0002262F34926C7
:10EDE0008A68521E12F01F02760976011643C0F897
:10EDF00000630A7F02F0FF023F0A3F02174391F8C7
:10EE0000202002F0FF0262F31747C0F8107391F858
:10EE10002720002A01D0012200E0002262F3082C02
:10EE20000A69521E12F007025FEADC0C5FEACC0CA2
:10EE300052EA0C0C4A6962F3041C4A69520862F3F4
:10EE4000451CC0F844C00A7B002A01D0012200E022
:10EE5000002262F3082E8A68521E12F01F025FEA37
:10EE60005E1E5FEA4E1E52EA0E0E0A68012A01D1AA
:10EE7000012200E0002262F3104EC0F800E291F897
:10EE80003C2002F0FF025FEA18285FEA082852EAF5
:10EE90000808C0F8048391F82820002A01D0012234
:10EEA00000E0002262F35969CA6A012A01D10122F5
:10EEB00000E0002262F318694A6B012A01D10123A4
:10EEC00000E00023009A63F3104991F8303003F01A
:10EED000FF035FEA19295FEA092953EA0909C0F823
:10EEE000509091F8443003F0FF035FEA1A2A5FEA7A
:10EEF0000A2A53EA0A0AC0F804A28B6CC0F8883FB9
:10EF0000096CC0F8C81F002A10D0002050600020F3
:10EF10001060002090600020D0600020106200206F
:10EF2000D06200201063DFF89400506300221000CC
:10EF3000BDE8F28FDFF8881001605FF440110164D2
:10EF40000021816440F20711C0F800130022C0F8CC
:10EF500004230022C0F8102300224264C0F80012EB
:10EF60000021C0F80412002101650021C0F8C81E6C
:10EF70000021C0F8881E0021C0F8C81F0021C0F879
:10EF8000881F0021C0F8081F0021C0F8481F7047E3
:10EF90000160AA00C05A0910C45A0910C85A0910C1
:10EFA000CC5A0910D05A0910D45A0910D85A09104D
:10EFB000DC5A0910E05A0910E45A0910EFCDAB00F1
:10EFC0000F00000340F0200070472DE9F14FB0B072
:10EFD000914604910DF142013A9A21914A70002123
:10EFE0000DF195021E460D912F920BE019F8011BB1
:10EFF0000498309A90470028049000F063850D989B
:10F00000401C0D9099F8000050B12528EED1002148
:10F0100000220791089209910A920B910C9204E048
:10F020000D9800F051BD41F0010119F8010F2028A1
:10F03000F9D023280CD02B2804D02D2805D0302837
:10F0400009D00BE041F00201EFE741F00401ECE7E9
:10F0500041F00801E9E741F01001E6E72A280DD167
:10F06000326852F8040B326000280F9003D54042FA
:10F070000F9041F0040109F1010914E00F92DFF84B
:10F08000A83B0AE00F98984205DA00EB800402EBF7
:10F090004402303A0F9209F1010999F80020A2F1D7
:10F0A00030000A28EED399F800002E2803D04FF044
:10F0B000FF320E9227E019F8010F2A2807D1306895
:10F0C00050F8042B30600E9209F101091BE02D2845
:10F0D0000CBF09F10109002000220E92DFF8484B15
:10F0E0000BE040B90E9AA24205DA02EB820503EB6F
:10F0F0004503303B0E9309F1010999F80030A3F163
:10F1000030020A2AEDD3ADF840100FF6603099F8BE
:10F11000001001F003F908B119F8010B8DF8420055
:10F120009DF84200682805D199F8000068280CD1A4
:10F13000622106E06C2804BF99F800006C2804D115
:10F1400071218DF8421009F1010912A9069119F8EF
:10F15000012B8DF800201746B7F1250026D0203866
:10F16000022840F27981133800F0EC830B3800F06C
:10F170007684401E00F02B84401E022840F26C81F1
:10F18000001F00F02484401F00F0EC80401E00F0BF
:10F19000D983401E00F0D780C01E0CD0801E00F026
:10F1A000D183C01E00F0CE8300F062BC0122079222
:10F1B000252100F05ABC306850F8044B3060002C18
:10F1C000059440F0AD8021994878002800F0A48093
:10F1D0004FF0FF340FF6CC2001F0ACF8241A40F0C9
:10F1E000718400F053BC01236A4602A9384600F03E
:10F1F00025FD002840F06684641EF4D13097079CFA
:10F200000DF1480874B1309F18F8011B0498B847F5
:10F210000028049000F056840D98401C641E0D9048
:10F22000F2D130970A9C3021002C8DF800100CDDB3
:10F23000309F01236A4602A9384600F0FFFC0028EF
:10F2400040F04084641EF4D13097DDF81480089CAF
:10F2500074B1309F18F8011B0498B8470028049037
:10F2600000F030840D98401C641E0D90F2D1309750
:10F270000B9C3021002C8DF800100CDD309F0123F9
:10F280006A4602A9384600F0D9FC002840F01A84EA
:10F29000641EF4D1309705980899099C00EB010889
:10F2A00074B1309F18F8011B0498B84700280490E7
:10F2B00000F008840D98401C641E0D90F2D1309728
:10F2C0000C9C3021002C8DF800100CDD309F0123A8
:10F2D0006A4602A9384600F0B1FC002840F0F283EB
:10F2E000641EF4D130979DF8400041077FF58AAE47
:10F2F0002020002D8DF800007FF784AE309C012384
:10F300006A4602A9204600F099FC002840F0DA8302
:10F310006D1EF4D1309475E60FF6A4100590B5E398
:10F320000E9D002D04D52046FFF76EF8044608E038
:10F330002A460021204601F01DF8002814BF041BB6
:10F340002C460894A2E3316851F8040B316020F098
:10F350000004002121F0FF35CDE9024512AB0593F1
:10F36000782178E32199487820B14FF0FF340FF6E7
:10F37000041031E79DF84200622853D0682815D068
:10F380006A2836D06C2806D071283CD0742825D045
:10F390007A2818D053E0316851F8040B3160002806
:10F3A00057D14FF0FF340FF6E40015E7316851F8FC
:10F3B000040B316020B94FF0FF340FF6D0000BE79B
:10F3C0000D99018062E3316851F8040B3160002827
:10F3D0003FD14FF0FF340FF6B400FDE6316851F82D
:10F3E000040B3160002834D14FF0FF340FF69C003D
:10F3F000F2E6316851F8040B316070B94FF0FF3418
:10F400000FF68800E8E6316851F8040B316020B946
:10F410004FF0FF340FF67400DEE60D9AD317C0E903
:10F42000002333E3316851F8040B316020B94FF009
:10F43000FF340FF65800CFE60D99017026E33168CE
:10F4400051F8040B316020B94FF0FF340FF63C0047
:10F45000C2E60D99016019E39DF842004C2807BFF0
:10F460003168CA1D3068C21D22F007023260D2E93D
:10F47000000108323260CDE90201C80F02D00798BE
:10F480002D210AE0BDF84000810702D507982B2105
:10F4900003E0C00705D50798202112AA1154401C8B
:10F4A000079012A807994518DDE90201CDE922016C
:10F4B000059525AC0E98002848BF062007D402BF4A
:10F4C0009DF8000040F02000672801D101200E9037
:10F4D000DDE902014A0042EAD07253154FEAE27BAD
:10F4E0004FF0FF32934508BF93420FD1090341EA21
:10F4F00010510003002908BF002807D0613F0320F6
:10F500001A2F089017D30FF2C0710FE0DDE9020146
:10F510004A00521512F1010F10D108030ED1613FBC
:10F5200003201A2F08901AD30FF2A4710322284641
:10F5300000F0D2FBAAE20FF28C71F7E7DDE90201DD
:10F5400001AA00F043FFCDE9020120F0000231F0F2
:10F55000004308BF002A05D100270025B7E00FF2BD
:10F560006C71E3E70199DFF8C42647F297504143F5
:10F5700091FBF2F20192DDE92245C2F10702002A75
:10F5800025F0004504DD2046294600F02AFB0BE06B
:10F5900052420020DFF8981600F023FB02460B468B
:10F5A0002046294600F04AFF04469DF8000040F03E
:10F5B000200A0D46BAF1660F06BF019800F10A084D
:10F5C0004FF006080E988044B8F1140FC8BF4FF0F2
:10F5D000140830208DF894000DF19507B8F1000F54
:10F5E00036DD2046294601F04DF801460A4607F16E
:10F5F000080304200A27B2FBF7F707EB870EA2EBFC
:10F600004E02303203F8012C0A22B7FBF2F202EB71
:10F61000820EA7EB4E073037401E03F8027DE9D17A
:10F62000A8F10808B8F1000F03F10807D6DD084675
:10F6300001F03AF802460B4620462946FDF7E2F86B
:10F640000022DFF8F035FCF7D7FE04460D46C8E788
:10F650002F983F1A0DF1950404E00198401E7F1E7B
:10F660000190641C20783028F7D0BAF1660F02D1DF
:10F670000198401C04E0BAF1650F0CBF0120002086
:10F680000E9940188742B8BF781E00281DD4B84292
:10F6900004DA215C3429C8BF392100DC302102465C
:10F6A000631E9D1800E0401E15F80179521E8F421E
:10F6B000F9D0392902D1A15C491CA154002A04D5F2
:10F6C0000199491C1C46401C01910746019D9DF86B
:10F6D0000080DDF838A038B2002802DC01270FF2E4
:10F6E000F45448F02000662808BF6D1C17D0672826
:10F6F0000FFA85FB5AD11BF1040F43DBD34541DAE6
:10F700009DF840006D1C010703D438B25045D8BFA6
:10F71000824628B2BAEB000A48BF4FF0000A0FFA3F
:10F7200085F8B8F1000F00F3AA800898411C0891F1
:10F73000302205990A54BAF1000F03DC9DF840000D
:10F74000010705D50898411C08912E2205990A54F5
:10F750001AEB080FB8BFCAF100052DB26842AA44DF
:10F760003AB20B909245B8BF5746059B08983FB2F6
:10F7700009973A462146184400F0AEFAAAEB070072
:10F780000C90C8E038B2504504DA9DF840100A07E2
:10F7900058BF8246BAF1010A48BF4FF0000AB8F1DB
:10F7A000670F0CBF4FF065084FF045080898411CE3
:10F7B0000891BAF1000F059914F8012B0A5403DCE3
:10F7C0009DF8400001071BD50898411C08912E2286
:10F7D00005990A54BAF1000F12DD7F1E38B2824536
:10F7E000B8BF57460598089B3AB22146184400F026
:10F7F00073FA08983FB238180890AAEB07000B90EC
:10F80000059808990844BBF1000F80F8008003D4E4
:10F810002B224270811C04E02D2141705D46811C29
:10F820006D42002022AA0A2409E02B4693FBF4F53E
:10F8300005EB8507A3EB470302F8013B401C2DB203
:10F84000002DF2DC012806DC48F02002652A04BF06
:10F85000302201F8012B002822AA08D1302001F81B
:10F86000010B06E0401E135C303301F8013B002819
:10F87000F8DC059A08981044091A09914BE038B24F
:10F8800029B288421DDA0598089B3AB221461844ED
:10F8900000F022FA08993FB279180891A8EB070006
:10F8A000BAF1000F0B9003DC9DF84000020705D56C
:10F8B000059A2E2050540999491C0991CDF830A081
:10F8C00029E00598089B2AB22146184400F004FA62
:10F8D00008987F1B4044BAF1000F089003DC9DF8A4
:10F8E00040100A0704D5411C08912E2205990A549C
:10F8F00038B28245B8BF57460598089B3AB204EB28
:10F900000801184400F0E8F908983FB23818AAEB4B
:10F91000070708900B979DF8400000F0140010288E
:10F9200040F0B480079A08980B99821809988A18B1
:10F9300082180C980F998018884280F2A780081AC4
:10F940000A90A3E09DF84200622808D068280CD0F5
:10F950006A2810D06C2818D071280CD015E03168B6
:10F9600051F8040B3160C0B213E0316851F8040B58
:10F97000316080B20DE03068C21D22F007023260B3
:10F98000D2E900010832326004E0316851F8040B1A
:10F9900031600021CDE902019DF84000010754D5F6
:10F9A000DDE90223002B08BF002A4ED09DF800009D
:10F9B00040F02000782848D1079812A930220A5434
:10F9C000401C431C9DF8002007930A543DE09DF81D
:10F9D0004200622808D068280CD06A2810D06C2811
:10F9E00018D071280CD015E0316851F8040B316043
:10F9F00040B213E0316851F8040B316000B20DE001
:10FA00003068C21D22F007023260D2E900010832DC
:10FA1000326004E0316851F8040B3160C117CDE960
:10FA20000201002902D507982D210AE0BDF8400007
:10FA3000810702D507982B2103E0C00705D5079859
:10FA4000202112AA1154401C079012A807990144C2
:10FA500005919DF8001002A800F039F816E0012089
:10FA60000790306850F8041B30608DF848100DE0A6
:10FA7000012125229DF8000007918DF8482028B12A
:10FA80009DF800008DF84900022107910F9D07990C
:10FA90000A986D1A08992D1A0B986D1A09992D1A42
:10FAA0000C986D1A9DF840102D1A48073FF5A7AB2A
:10FAB0002021002D8DF800107FF7A1AB309F2C4640
:10FAC000FFF791BB4FF0FF3031B0BDE8F08F2DE96B
:10FAD000FC4707468A463C6950466F2808BF082500
:10FAE00005D0FFF76FFA782814BF0A251025D7E94B
:10FAF00000013C2680468946BAF1640F18BFBAF16E
:10FB0000690F05D1002903D5D8F1000869EB49092F
:10FB1000B9F1000F08BFB8F1000F0CD1386B50B924
:10FB2000082D3AD197F83800010736D530223B2608
:10FB300084F83B2031E08DF800A0404649462A4633
:10FB4000EB17FEF79DFF3032D0B2761E3A280196B1
:10FB50000EDAA255404649462A46EB17FEF790FFBB
:10FB600080465FEA010908BFB8F1000F05D108E03F
:10FB70009DF800001218513AEBE7F868A119884285
:10FB8000DBD3082D09D197F83800010705D5A05D12
:10FB9000302802D0761E3020A055C6F13C03BB6150
:10FBA000A119F960386B834208DAC31A3B624FF639
:10FBB000EF70398F01403987BDE8F38700280ED5F3
:10FBC00097F8380000F01400102808D17A6B796992
:10FBD000386A521A121AD21A002AC8BF3A62BDE80D
:10FBE000F3872DE9D04306460F4614464FF0000830
:10FBF000DFF8449012E0E00707D542464B46304616
:10FC00003946FCF7F9FB06460F4640464946424650
:10FC10004B46FCF7F1FB641080468946002CEAD184
:10FC200030463946BDE8D083CBCCCC0CA086010051
:10FC30000000F03F84D7974100002440F8B5054606
:10FC40000E4617461C4600205CB117F8011BB06831
:10FC5000A847B06030B1F06A401CF0620020641E1A
:10FC6000F3D1F2BD4FF0FF30F2BD0000686A6C7452
:10FC70007A4C00007072696E74665F733A20256E6C
:10FC800020646973616C6C6F776564007072696E73
:10FC900074663A2062616420256E20617267756D1A
:10FCA000656E74007072696E74665F733A2062618B
:10FCB0006420257320617267756D656E74000000A5
:10FCC000000000006E616E004E414E00696E6600DD
:10FCD000494E46003000000062B38B0708D0521E28
:10FCE00011F8013B00F8013B00F024808B07F6D1AE
:10FCF000830740F0208000BF103A07D330B4B1E84A
:10FD00003810103AA0E83810F9D230BC530724BF9D
:10FD1000B1E80810A0E8081044BF51F8043B40F8CF
:10FD2000043BD20724BF31F8022B20F8022B44BF3A
:10FD30000B7803707047121F17D35B0009D151F87D
:10FD4000043B20F8023B1B0C121F20F8023BF6D2AA
:10FD50000BE051F8043B00F8013B1B0A20F8023B82
:10FD60001B0C121F00F8013BF3D238BF121D521EAC
:10FD700024BF11F8013B00F8013BF8D870470000A0
:10FD800001B500236A46DFF82015DFF82005FEF7ED
:10FD900011FD01BD2DE9FF4105000C0095F913008F
:10FDA00000281FD16078012804D01AD3032813D06B
:10FDB0000FD316E0A078E17851EA0021698120791B
:10FDC000617951EA0021E981012028740120A87499
:10FDD00043E10220687440E1032028740220A874E3
:10FDE0003BE13AE195F91300012840F0368100200B
:10FDF00000202078532840F0C380DFF8B41420009E
:10FE000000F060FC002800F096802C21200000F01B
:10FE100085FA002800F08680461C2C21300000F076
:10FE20007DFA0400002C4FD00A2100226F463800D2
:10FE3000FCF70EFFA21B6F4631003800FFF74CFFA6
:10FE4000684600F055FC6881DFF86864B5F90A007F
:10FE5000B04202DADFF85C040AE0B5F90A0042F2C7
:10FE60001171884202DB42F2107001E0B5F90A001C
:10FE70006881671C0A21380000F050FA04000A214A
:10FE80000022E8464046FCF7E3FEE41BE846220079
:10FE900039004046FFF720FF684600F029FCE88162
:10FEA000B5F90E00B04202DADFF808040AE0B5F94D
:10FEB0000E0042F21171884202DB42F2107001E042
:10FEC000B5F90E00E88131E00A21300000F026FA91
:10FED00004000A2100226F463800FCF7B9FEA41B7B
:10FEE0006F46220031003800FFF7F6FE684600F04A
:10FEF000FFFB6881B5F90A00DFF8B813884202DA1F
:10FF0000DFF8B0030AE0B5F90A0042F21171884245
:10FF100002DB42F2107001E0B5F90A0068810020AE
:10FF2000E88103E0002068810020E8810120287436
:10FF30000120A87491E0DFF88013200000F0C2FBDC
:10FF4000002804D0032028740220A87485E0DFF87C
:10FF50006C13200000F0B6FB002802D00220A87429
:10FF60007BE0DFF85C13200000F0ACFB002802D03F
:10FF70000020687471E00B2028740220A8746CE0E3
:10FF8000207847285ED1DFF83C13200000F09AFB70
:10FF9000002802D0022068745FE0DFF82C132000F4
:10FFA00000F090FB00282DD02C21200000F0B6F9A5
:10FFB00000281CD0441C0A21200000F0AFF90600E4
:10FFC0000A2100226F463800FCF742FE341B6F46C0
:10FFD000220031003800FFF77FFE684600F088FB02
:10FFE000E871E87900280AD00120E87107E0E87993
:10FFF000002802D10120E87101E00020E871092009
:020000041009E1
:1000000068742AE0B149200000F05CFB002802D0AF
:100010000720687421E0AE49200000F053FB00285F
:1000200002D00820687418E0AA49200000F04AFBBA
:10003000002802D00A2068740FE00B2028740220E8
:10004000A8740AE02078542807D1A349200000F0C2
:1000500039FB002801D00220A874BDE8FF812DE9FA
:10006000F843060000200090002714248F4D28003C
:10007000FEF720FA0728C0F0C380DFF86082B8F9E5
:100080000000012849DBB8F900000128C0F2B68061
:10009000B8F80000401EA8F800002800FEF70AFA91
:1000A0000090814F01236A4639002800FEF782FB49
:1000B000002000E0401C0099884210D2395C0A29D7
:1000C000F8D1401C009080210022B9464846FCF738
:1000D000BFFD00236A4639002800FEF76BFB00983D
:1000E000092814D33878532805D03878472802D007
:1000F000387854280BD17878452802D0787854285D
:1001000005D10120F07439003000FFF743FE641E72
:100110002000C0B20028B6D170E02800FEF7CAF96E
:10012000402811D32800FEF7C5F911380090DFF8F8
:10013000788100236A4641462800FEF73BFB802178
:1001400000224046FCF784FD2800FEF7B3F907289B
:1001500054D302200090DFF8508101236A464146C3
:100160002800FEF727FB98F80000A52828D10720D3
:10017000009001236A4641462800FEF71BFB002140
:1001800003E018F80100C719491C0629F9DB3800FB
:1001900098F80610C0B288420ED1072000900023C4
:1001A0006A4641462800FEF705FB0020F0744146F0
:1001B0003000FFF7EFFD1AE00120FFF7E1FD16E048
:1001C00098F80000532807D098F80000472803D07B
:1001D00098F80000542807D198F8010045280CD061
:1001E00098F80100542808D00120FFF7C9FD641ECB
:1001F0002000C0B20028A7D100E0FFE701F07CF9A1
:10020000BDE8F18380B5A5230370022343700B0082
:100210001B128370C17011000912017142710278C2
:1002200041788A1881788A18C1788A1801798A18E1
:1002300041798A188271072201000220FDF7A6FE8B
:1002400001BD38B504000A2569460220FDF7BEFE4F
:10025000012814D19DF800101448FEF73CF99DF8D0
:1002600000000A2803D11D480188491C0180200094
:10027000FFF7F5FE6D1E2800C0B20028E4D131BDA5
:1002800080B58023164A00210848FEF765FB02234B
:1002900002225FF4E1210220FDF7C2FF01210220CA
:1002A000FDF73FFF01BD0000E415020870180208C9
:1002B000B8590910F0D8FFFFC4590910D0590910D6
:1002C000DC590910E859091064590910F45909104A
:1002D000005A09100C5A0910185A0910641902081A
:1002E0006415020800B500BF130096469446103905
:1002F00028BFA0E80C50FAD85FEA417C28BF0CC0A8
:1003000048BF40F8042BC90728BF20F8022B48BF7C
:1003100000F8012B00BD000070470000C9B2027850
:100320008A421AB11CBF10F8012FF9E718BF00204C
:100330007047000080B500B906A005490B681BB1E5
:1003400022220021984701E001F03CFA222002BD60
:1003500060190208636F6E73747261696E7420684D
:10036000616E646C65723A20626164206D657373BE
:1003700061676500C9B2830706D0521E22D310F808
:10038000013B9942F7D11FE0083A13D302F104026E
:1003900041EA012141EA014150F8043B121F21BF0B
:1003A0004B40A3F1013C2CEA030C1CF0803FF3D03E
:1003B000C9B2001F083210F8013B521E28BF91EA53
:1003C000030FF8D818BF0120401E704710B514461F
:1003D00000F002F8226010BDC1F30A5343B14A0095
:1003E00012F5001F28D2A3F2FE32A1EB0251704792
:1003F00050EA410C20D001F0004C31EA0C01B1FA76
:1004000081F204BFB0FA80F3D2180B3AB2F12003A4
:100410002CBF00FA03F1914041EA0C013EBFC2F14A
:10042000200C20FA0CF319439040524240F2FD3365
:10043000D21A01EB0351704700227047F0B540F229
:10044000FF7581EA030C0CF0004C15EA11541DBF36
:1004500015EA1357AC42AF42E5E0BC41C1F31301CA
:10046000C3F31303801A994143F4801304D2641E2A
:100470000018494180185941C90241EA5051B1FB65
:10048000F3F603FB1611A2FB0675D7EBC020A941BA
:1004900002D2761E80185941C90241EA5051B1FB7F
:1004A000F3FE03FB1E11A2FB0E75D7EBC020A94182
:1004B00003D2AEF1010E80185941890241EA9051F0
:1004C000760546EA8E2EB1FBF3F603FB1611A2FB6E
:1004D0000675D7EB8020A94102D2761E80185941BB
:1004E000C90241EA50514EEA060EB1FBF3F603FB96
:1004F0001611A2FB0675D7EBC020A94102D2761EC9
:1005000080185941C90241EA5051B1FBF3F703FB8E
:100510001711A2FB0735D3EBC020A94167F10007F3
:100520000CBF004247F0010766F3D5274FEA1E31A2
:10053000B80814F5806412DDBD0775F1004250EB78
:100540000E5051EB045111F5801F5CBF41EA0C01C4
:10055000F0BD4CF07F6141F0E0410020F0BDBD07EF
:100560006D0840EA0E5041F48011D4F10104B4F159
:1005700020060ADAC4F120060200E04001FA06F380
:10058000E1401843B24015430EE0342C13DCC6F1B1
:10059000200445EA40056D0820FA06F2154321FAC9
:1005A00006F0A1400D43002175F1004250F100001A
:1005B00051EB0C01F0BD00205FEA0C01F0BDCFB99A
:1005C00092185B41B3FA83F704BFB2FA82F6BF19FF
:1005D0000B3FB7F120062FBF02FA06F3BB40C7F16D
:1005E000200622FA06F638BF3343BA401CB1E4199C
:1005F000641E33E77F4231F00041B1FA81F404BF59
:10060000B0FA80F6A4190B3CB4F120062FBF00FA13
:1006100006F1A140C4F1200620FA06F638BF3143A6
:10062000A0403C1B1AE7AC421ABF05EA1357AF4281
:1006300012E050EA41061CBF52EA4306BFE750EA07
:100640004107304661461CBF41EA0551F0BD52EA00
:10065000430C08BFC143F0BD00204FF4001616EB59
:10066000410F98BF16EB430F08BF16EB410F24BF95
:10067000C14305E016EB430F0CBF61464CEA055140
:10068000F0BD0000400D40F21E4C40EAC120BCEB22
:10069000115C40F0004003D48CF30701C840704760
:1006A0006FEAE1707047000050B1B0FA80F1884005
:1006B000C91CC1F58461090501EBD02140057047D3
:1006C0000146704770B50D462C7834B970BD11F8ED
:1006D000013F1678B34206D0401C2146FFF71EFEAC
:1006E00028B101462A4612F8013F002BEFD170BD18
:1006F00010B50400002C01D0012000E0002073227E
:10070000DFF84C10C0B2FCF738FF00220020002CAC
:100710001DD094F900102D2902D10122641C0DE096
:1007200094F900102B2909D1641C07E00A2394F9DD
:100730000010C9B203FB00103038641C94F900109B
:1007400030390A29F2D3D2B2002A00D0404210BD7B
:10075000B851091038B5DFF8744C94ED060AB5EEBF
:10076000400AF1EE10FA02DB94ED060A03E094ED84
:10077000060AB1EE400ADFEDC30AB4EE600AF1EEFC
:1007800010FAC0F2998094F90100022800F09480D8
:1007900094ED0B0AB5EE400AF1EE10FA02DB94ED8F
:1007A0000B0A03E094ED0B0AB1EE400ADFEDB60A46
:1007B000DFF8980C90ED051A21EE201A80EE010A60
:1007C000B5EE400AF1EE10FA02D59FEDC90A31E00C
:1007D00094ED0B0AB5EE400AF1EE10FA02DB94ED4F
:1007E0000B0A03E094ED0B0AB1EE400A90ED051AF6
:1007F00021EE201A80EE010A9FEDCA1AB4EE410ADA
:10080000F1EE10FA02DBB7EE000A13E094ED0B0AEA
:10081000B5EE400AF1EE10FA02DB94ED0B0A03E0AC
:1008200094ED0B0AB1EE400A90ED051A61EE200A34
:1008300080EE200AD4ED060AF5EE400AF1EE10FA39
:1008400002DBD4ED060A03E0D4ED060AF1EE600AFD
:1008500094ED061AB5EE401AF1EE10FA02DB94EDB3
:10086000061A03E094ED061AB1EE411A70EEC00AC2
:1008700031EE000A80EE800A84ED0D0A94ED0D0A37
:10088000DFEDA90AB4EE600AF1EE10FA11DB206B7D
:10089000401C2063206B49F6414188420ED349F643
:1008A00040402063012084F84800022084F8490079
:1008B00004E00020206301E00020606394F901005F
:1008C000002840F01D81DFF8200CFBF749FC0020D8
:1008D00000F098FFE063DFF8140CB0F9000020642A
:1008E000616C206C41186164DFF8040C0178491CCC
:1008F0000170017814295EDB0021017094ED110A6A
:10090000B8EEC00ADFED890A20EE200A84ED0A0A5B
:1009100094ED0B0AF3EE030A94ED0A1A00EE201A86
:10092000B3EE040A81EE000A84ED0B0A0020606435
:10093000207900283FD094ED0B0AB5EE400AF1EE85
:1009400010FA02DB94ED0B0A03E094ED0B0AB1EE12
:10095000400AF2EE040AB4EE600AF1EE10FA26D56F
:1009600094ED060AB5EE400AF1EE10FA02DB94EDC2
:10097000060A03E094ED060AB1EE400AD4ED020A3D
:10098000B4EE600AF1EE10FA11DBDFF8680B0168D3
:10099000491C0160A189026891420CD2A1890160C1
:1009A000012084F84800012084F8490003E0002079
:1009B000DFF8401B086094ED0B0AB5EE400AF1EE3B
:1009C00010FA02DB94ED0B0A03E094ED0B0AB1EE92
:1009D000400ADFED570A80EE200AB5EE400AF1EE3C
:1009E00010FA02D59FED420A2DE094ED0B0AB5EE08
:1009F000400AF1EE10FA02DB94ED0B0A03E094EDED
:100A00000B0AB1EE400ADFED4A0A80EE200ADFED64
:100A1000450AB4EE600AF1EE10FA02DBB7EE000A06
:100A200011E094ED0B0AB5EE400AF1EE10FA02DB8C
:100A300094ED0B0A03E094ED0B0AB1EE400ADFEDF2
:100A40003C0A80EE200ADFED3B0A20EE201ABDEEC4
:100A5000C11A11EE100A84F8240020EE200ABDEE1F
:100A6000C00A10EE100A84F8250094ED060AB5EECF
:100A7000400AF1EE10FA09DD94F8220094F82410EF
:100A80000A1809E0CECC4C3E0000484494F82300FC
:100A900094F825100A18524294ED060AB5EE400A61
:100AA000F1EE10FA02DD94ED060A03E094ED060A79
:100AB000B1EE400ADFF8345BE16B2800FAF766FB21
:100AC00094F9480001280CD094F94A00012808D074
:100AD000DFF87809017801290CD190F91800022873
:100AE00008D1002200210020FAF7C5FD19E000BF5F
:100AF00000000000AA8C698C288CFAF7BCFD10E07D
:100B000094F90100012806D1DFF8440CFBF728FB1B
:100B100001F0F8F805E0DFF8380CFBF721FBF8F7F7
:100B2000DBFE31BD0100803F3333333F0060EA3FDD
:100B30000000164600008C4238B5DFF8B44A94ED48
:100B4000060AB5EE400AF1EE10FA02DB94ED060A51
:100B500003E094ED060AB1EE400ADFEDC40AB4EEFC
:100B6000600AF1EE10FAC0F29B80DFF8600890F99D
:100B70000100022800F0948094ED0B0AB5EE400AC3
:100B8000F1EE10FA02DB94ED0B0A03E094ED0B0A90
:100B9000B1EE400ADFEDB60ADFF8B00890ED051AB5
:100BA00021EE201A80EE010AB5EE400AF1EE10FAAD
:100BB00002D59FEDC90A31E094ED0B0AB5EE400A6B
:100BC000F1EE10FA02DB94ED0B0A03E094ED0B0A50
:100BD000B1EE400A90ED051A21EE201A80EE010ACE
:100BE0009FEDCA1AB4EE410AF1EE10FA02DBB7EE3D
:100BF000000A13E094ED0B0AB5EE400AF1EE10FA8C
:100C000002DB94ED0B0A03E094ED0B0AB1EE400A0F
:100C100090ED051A61EE200A80EE200AD4ED060A56
:100C2000F5EE400AF1EE10FA02DBD4ED060A03E01D
:100C3000D4ED060AF1EE600A94ED061AB5EE401AFC
:100C4000F1EE10FA02DB94ED061A03E094ED061AB9
:100C5000B1EE411A70EEC00A31EE000A80EE800A51
:100C600084ED0D0A94ED0D0ADFEDA90AB4EE600AD9
:100C7000F1EE10FA11DB206B401C2063206B49F66B
:100C8000414188420ED349F640402063012084F858
:100C90004800022084F8490004E00020206301E0BD
:100CA0000020606394F90100002840F01D81DFF806
:100CB000A80AFBF755FA012000F0A4FDE063DFF875
:100CC0002C08B0F902002064616C206C411861644A
:100CD000DFF8880A0178491C0170017814295EDB6D
:100CE0000021017094ED110AB8EEC00ADFED890A07
:100CF00020EE200A84ED0A0A94ED0B0AF3EE030AB3
:100D000094ED0A1A00EE201AB3EE040A81EE000AEE
:100D100084ED0B0A00206064207900283FD094ED18
:100D20000B0AB5EE400AF1EE10FA02DB94ED0B0A65
:100D300003E094ED0B0AB1EE400AF2EE040AB4EEC1
:100D4000600AF1EE10FA26D594ED060AB5EE400AD7
:100D5000F1EE10FA02DB94ED060A03E094ED060AC8
:100D6000B1EE400AD4ED020AB4EE600AF1EE10FAD8
:100D700011DBDFF8F4090168491C0160A1890268F0
:100D800091420CD2A1890160012084F84800012021
:100D900084F8490003E00020DFF8CC19086094EDE6
:100DA0000B0AB5EE400AF1EE10FA02DB94ED0B0AE5
:100DB00003E094ED0B0AB1EE400ADFED570A80EE36
:100DC000200AB5EE400AF1EE10FA02D59FED420A74
:100DD0002DE094ED0B0AB5EE400AF1EE10FA02DBBD
:100DE00094ED0B0A03E094ED0B0AB1EE400ADFED3F
:100DF0004A0A80EE200ADFED450AB4EE600AF1EE01
:100E000010FA02DBB7EE000A11E094ED0B0AB5EE22
:100E1000400AF1EE10FA02DB94ED0B0A03E094EDC8
:100E20000B0AB1EE400ADFED3C0A80EE200ADFED4E
:100E30003B0A20EE201ABDEEC11A11EE100A84F80A
:100E4000240020EE200ABDEEC00A10EE100A84F83D
:100E5000250094ED060AB5EE400AF1EE10FA09DD20
:100E600094F8220094F824100A1809E0CECC4C3EE5
:100E70000000484494F8230094F825100A185242C0
:100E800094ED060AB5EE400AF1EE10FA02DD94ED9B
:100E9000060A03E094ED060AB1EE400ADFF8CC58EA
:100EA000E16B2800FAF772F994F9480001280CD098
:100EB00094F94A00012808D0DFF89005017801294B
:100EC0000CD190F91800022808D10022002100203E
:100ED000FAF7E8FD19E000BF00000000AA8C698C59
:100EE000288CFAF7DFFD10E094F90100012806D103
:100EF000DFF87C08FBF734F900F0C3FF05E0DFF80A
:100F00007008FBF72DF9F8F7E7FC31BD0100803FD1
:100F10003333333F0060EA3F0000164600008C4246
:100F20002DE9F0472DED028B86B00421002202ACA2
:100F30002000FBF78DFE0821002204AC2000FBF707
:100F400087FE0421002203AC2000FBF781FE02246F
:100F5000DFF87854002085F84800DFF89466002018
:100F600086F84800DFF8847647F6FF7A0120019082
:100F70000020009001234FF47A6251463800FAF7BE
:100F80008BF9DFF8E8870120019000200090012311
:100F90004FF47A6251464046FAF77EF99FEDD78AC0
:100FA0000022B0EE480A00213800FAF7EFF80022DC
:100FB000B0EE480A00214046FAF7E8F8BA8C798C7E
:100FC000388CFAF758FBB8F82420B8F82210B8F893
:100FD0002000FAF767FDC820FCF75BFD002000F059
:100FE00011FC012000F00EFC5FF0000927E0B0F9D1
:100FF0000210002915D502A94A88521E4A8010E025
:10100000B0F90010002904D5BDF80810491EADF84C
:101010000810B0F902100129E9DB02A94A88521C24
:101020004A800499B0F9002001FA82F1049104A9E0
:101030004A68B0F902001018486019F101094846E1
:1010400080B265283DDA0022B0EE480A494689B2EE
:1010500047F6FF704143642091FBF0F13800FAF746
:1010600095F80022B0EE480A494689B247F6FF706B
:101070004143642091FBF0F14046FAF787F8BA8CBF
:10108000798C388CFAF7F7FAB8F82420B8F82210DF
:10109000B8F82000FAF706FD0520FCF7FAFC00205E
:1010A00000F0B0FB012000F0ADFBDFF84004B0F928
:1010B00000100129A4DBBDF80810491CADF8081088
:1010C000A7E7DFF8B0060188ADF80C100DF10C09A8
:1010D0004088A9F80200002200210020FAF7CBFA8C
:1010E000002200210020FAF7DDFC0498002801D43A
:1010F000049801E004984042B0F57A7F0DDA0120AF
:1011000085F84A0000202882012068820720A882F2
:10111000DFF8640600F0CEFF66E0002085F84A00A4
:10112000BDF90800012802DBBDF9080002E0BDF9A5
:1011300008004042BDF9081091FBF0F06882B5F953
:10114000120010F1010F05D1BDF80C00BAEB000040
:10115000ADF80C000498002804D49DED040AB8EE04
:10116000C00A05E09DED040AB8EEC00AB1EE400ADF
:10117000DFEDB50A80EE800A10EE100AFBF718F9D1
:1011800041EC100B00F0AAFF51EC100B00F0D8FF5F
:10119000A882BDF80C0047F6FF71B5F9142091FB49
:1011A000F2F190FBF1F201FB12002882B5F9120076
:1011B0000190B5F910000090B5F914304FF47A623F
:1011C00051463800FAF768F8F869012802D1DFF8CB
:1011D000AC2501E0DFF8A825B5F91430B969DFF8CE
:1011E000A40500F067FF641E04A84168002901D42B
:1011F000416801E041684942B1F57A7F0DDA01208A
:1012000086F84A0000203082012070820720B082D8
:10121000DFF8740500F04EFF69E0002186F84A10FF
:1012200002A9B1F90220012A02DBB1F9022002E091
:10123000B1F902205242B1F9021091FBF2F1718230
:10124000B6F9121011F1010F05D1B9F80210BAEB7D
:101250000101A9F802104168002904D490ED010AA7
:10126000B8EEC00A05E090ED010AB8EEC00AB1EE92
:10127000400ADFED750A80EE800A10EE100AFBF7D7
:1012800097F841EC100B00F029FF51EC100B00F027
:1012900057FFB082B9F8020047F6FF71B6F9142083
:1012A00091FBF2F190FBF1F201FB12003082B6F9F2
:1012B00012000190B6F910000090B6F914304FF406
:1012C0007A6251464046F9F7E7FFD8F81C0001283A
:1012D00002D1DFF8A82401E0DFF8A424B6F9143025
:1012E000D8F81810DFF8A40400F0E4FE641E200013
:1012F000C0B206B0BDEC028BBDE8F087CDCC4C3E51
:1013000010B5FBF7DBFD314C94ED0B0AB5EE400A4E
:10131000F1EE10FA07D1B64890ED0B0AB5EE400A8F
:10132000F1EE10FA0DD0002200210020FAF7A3F907
:10133000002200210020FAF7B5FB4FF47A70FCF789
:10134000A8FBC820FAF722FAC820FAF724FC94F97F
:10135000010000281FD101214FF47A60FAF782F8CA
:1013600001214FF47A60FAF799FAFFF7D9FD0400EA
:101370002000C0B2002804D1DFF8140400F09AFE67
:1013800003E0DFF8100400F095FEE4B2022C19DA55
:1013900000F010FF16E094F9010001280ED10021A1
:1013A0004FF47A60FAF75EF800214FF47A60FAF7AA
:1013B00075FADFF8E40300F07DFE03E0DFF8D80300
:1013C00000F078FE0020FBF771FD10BDA40E0208AE
:1013D0007CB5DFF8C8435A2084F822005A2084F8EC
:1013E0002300834D5A2085F822005A2085F82300D7
:1013F00000F044FA47F6FF76B4F912000190B4F910
:1014000010000090B4F914304FF47A62310077483C
:10141000F9F742FFB5F912000190B5F910000090FC
:10142000B5F914304FF47A623100DFF84003F9F770
:1014300033FF01214FF47A60FAF714F801214FF4D9
:101440007A60FAF72BFA73BD00FEFF4624180208F3
:1014500080B500F07BFD00214FF47A60FAF702F8C6
:1014600000214FF47A60FAF719FA01BD80B5F9F757
:1014700043F9F9F74DF90420C84981F850000420D8
:10148000C74981F8500001BD10B5C44C0020207040
:1014900000206070012020719FED530A84ED020A44
:1014A0004FF4FA70A081BE4901220A7000224A70EE
:1014B00001220A7181ED020A8881FEF7E1FE94F9AA
:1014C0000100002802D1FFF783FF0CE094F901002E
:1014D000012802D1FFF7BCFF05E094F901000228C2
:1014E00001D1FFF7C3FF10BD0018384050190208A2
:1014F0006919020820190208AA4890F91210012956
:1015000071D190F91010012969D1BFEE000AB0F92C
:101510000A1000EE901AF8EEE00A9FED8C1AC0EE69
:10152000810AF4EE400AF1EE10FA02D5F0EE400A1C
:101530001DE0B0F90A1000EE901AF8EEE00A9FEDF7
:10154000831AC0EE810A9FED831AF4EE410AF1EE90
:1015500010FA02DBF7EE000A09E0B0F90A1000EE1B
:10156000901AF8EEE00A9FED791AC0EE810A8B49D5
:10157000C1ED060AB0F90E2000EE902AF8EEE00A5E
:101580009FED721AC0EE810AF4EE400AF1EE10FAF5
:101590001DD4B0F90E2000EE102AB8EEC00ADFED1F
:1015A0006B0A80EE200ADFED6B0AB4EE600AF1EE02
:1015B00010FA02DBB7EE000A09E0B0F90E2000EEE7
:1015C000102AB8EEC00ADFED610A80EE200A744AE4
:1015D00082ED060A0023CB640021D164FFE70021DD
:1015E0000174002181747047CDCC4C3ED4170208A1
:1015F000D810020810B52DED028B82B0694C94F919
:10160000120002281AD194F91000002808D00328EB
:1016100007D0042808D0062807D00B2806D009E0F8
:1016200008E0FFF76DFE05E004E003E05E4800F02F
:1016300041FDFFE7002020740020A07494F9110000
:10164000022808D0072843D0082848D009282AD0E3
:101650000A286DD076E094F91300012811D1504882
:1016600090ED0B0ABDEEC00A10EE102A4B4890ED2B
:101670000B0ABDEEC00A10EE101A4C4800F01AFD1D
:1016800010E0474890ED0B0ABDEEC00A10EE102A9C
:10169000424890ED0B0ABDEEC00A10EE101A200071
:1016A000FEF7B0FD4EE0E079002806D14048838C7B
:1016B000428C018C3F4800F0FDFCE079012806D106
:1016C0002A48838C428C018C3A4800F0F3FC39E0C4
:1016D000284842880188354800F0ECFC32E09FED54
:1016E000208A244C608800EE100AB8EE400ADFED34
:1016F0001D0A80EE200A20EE080A10EE100AFAF702
:1017000057FECDE90001208800EE100AB8EE400A2D
:10171000DFED140A80EE200A20EE080A10EE100A0F
:10172000FAF746FE02000B00234800F0C3FC09E074
:1017300022484069FAF73CFE02000B00204800F006
:10174000B9FCFFE702B0BDEC028B10BD00401C46A7
:10175000008538400100803F000738406A190208C0
:101760000000B44300FEFF4624190208FC170208DB
:10177000808538404C19020804570910585A09103E
:10178000605A0910745609102C570910A4560910F4
:1017900054570910A4570910D4560910A40E020872
:1017A000D8100208A018020894590910685A0910A4
:1017B000D4170208A0590910AC59091024180208BE
:1017C00054590910012000F025BD000010B4002379
:1017D0008B1A002B01D48B1A00E0531A022490FBC1
:1017E000F4F49C420ADA022390FBF3F38B4202DA10
:1017F000081A801A04E04018801A01E00800801AD4
:1018000010BC704770B504000020314D200040B27C
:1018100035F81060200040B200280BD108202D4977
:10182000086048F22101002000F052FF08212A4AF6
:1018300011600AE008202949086048F221010220CD
:1018400000F046FF0821264A11604004400C2100A8
:1018500049B225F81100B6B23200200040B235F886
:1018600010104FF40040FFF7B1FF1E49220052B2A2
:1018700021F8120064B235F8140070BD1FB51A4C7F
:1018800004200290002001900020009000232200FC
:101890000021002000F096FF0323012201213320C4
:1018A000F9F72DFC04200290022001900220009004
:1018B000022322000021022000F084FF03230122E2
:1018C00001216B20F9F71BFC002004B010BD0000C3
:1018D0004C190208040331400803314084063140AA
:1018E0008806314050190208002D31017CB50400F2
:1018F000072100226D462800FBF7AAF9002094F882
:10190000380084F8390094F9000000282AD1002614
:1019100017E03120F9F7D2FB05003020F9F7CEFBB4
:10192000C0B2400050FA85F53320F9F7C7FB15EB3C
:10193000800568462900C9B2415C491CEDB2415599
:10194000761C052EE5DB00200022072A35DA6946E1
:1019500003008D5CDBB2AB4202D2885C84F8382095
:10196000521CF2E7002617E06920F9F7A7FB0500F3
:101970006820F9F7A3FBC0B2400050FA85F56B2050
:10198000F9F79CFB15EB800568462900C9B2415C5C
:10199000491CEDB24155761C052EE5DB00200022E6
:1019A00009E0694603008D5CDBB2AB4202D2885C81
:1019B00084F83820521C072AF3DB73BDDFF8C826F1
:1019C00090F93810515690F939001056091A08004C
:1019D00040B2002802D4080040B202E0080040B241
:1019E0004042042806DB080040B2042801DB891FBE
:1019F00000E0891D49B2012901DB012001E05FF00F
:101A0000FF3040B27047000080B500200020DFF8B2
:101A10007C0690ED060AB5EE400AF1EE10FA0BDBFB
:101A2000DFF8641690F93820895C491C0A0052B22C
:101A3000072A0CDB891F0AE0DFF84C1690F93820E2
:101A4000895C891E0A0052B2012A00DA891DDFF87A
:101A5000402649B2515690F94820012A08D0DFF8B3
:101A600034261378012B05D192F91820022A01D1CE
:101A700000201FE09FEDA20AD0ED060A60EE800A6A
:101A8000FDEEE00A10EE902A12B2002A08D4D0ED42
:101A9000060A20EE800ABDEEC00A10EE100A09E028
:101AA000D0ED060A20EE800ABDEEC00A10EE100A44
:101AB00000B24042020012B2002A01D5002008E024
:101AC000020012B240F679739A4202DB40F6787057
:101AD000FFE749B2012909D020D303290ED009D349
:101AE000052913D00ED3062914D017E080B2FAF7D7
:101AF00051F915E080B2FAF777F911E080B2FAF700
:101B000065F90DE080B2FAF737F909E080B2FAF72B
:101B10004FF905E080B2FAF721F901E0FAF772F91E
:101B200001BD000080B500200020DFF86C0590EDBD
:101B3000060AB5EE400AF1EE10FA0FDBDFF84815A1
:101B400090F93820895C491C0A0052B2072A00DB50
:101B5000891FDFF83C2549B251560EE0DFF8281501
:101B600090F93820895C891E0A0052B2012A00DAF5
:101B7000891DDFF81C2549B2515690F94820012AE9
:101B800008D0DFF810251378012B05D192F9182021
:101B9000022A01D100201FE09FED590AD0ED060A6C
:101BA00060EE800AFDEEE00A10EE902A12B2002AE2
:101BB00008D4D0ED060A20EE800ABDEEC00A10EE71
:101BC000100A09E0D0ED060A20EE800ABDEEC00A38
:101BD00010EE100A00B24042020012B2002A01D5F3
:101BE000002007E0020012B2B2F57A6F02DB40F685
:101BF0009F70FFE749B2012909D020D303290ED0F5
:101C000009D3052913D00ED3062914D017E080B2CA
:101C1000FAF720F915E080B2FAF746F911E080B240
:101C2000FAF734F90DE080B2FAF706F909E080B26C
:101C3000FAF71EF905E080B2FAF7F0F801E0FAF7DA
:101C400041F901BD10B500203120FAF760F93020CC
:101C5000FAF75DF93320FAF75AF9DFF83044D4F88F
:101C60008400401CC4F884002000FFF73FFE94F974
:101C7000380094F93910884240D00020FAF718FB58
:101C8000E0650020FAF72BFB0120A075DFF8F803D0
:101C900094F938104056411EE26E0800C0B204EBC1
:101CA0004000B0F86000121AE266E06D0A00D2B29D
:101CB00004EB4202A2F86000E06EC9B204EB4101FD
:101CC000B1F8601010FA81F0E06694ED1B0AB8EEEE
:101CD000400ADFED9D0A80EE800A94F9210000EEB3
:101CE000900AF8EEE00A20EE200A84ED0A0A2000AD
:101CF000FFF764FE84F82100FFF786FE10BD0000A8
:101D000000007A4510B50020FAF7D2FA42F21171BC
:101D100088420CD3DD4C2000FFF7E8FDFFF774FE8E
:101D20000020A0750020A0620020FAF7D8FAD74959
:101D300091ED0B0AF3EE030A91ED0A1A00EE201A58
:101D4000B3EE040A81EE000A81ED0B0A087900283F
:101D50003AD091ED0B0AB5EE400AF1EE10FA02DB33
:101D600091ED0B0A03E091ED0B0AB1EE400AF2EEA1
:101D7000040AB4EE600AF1EE10FA22D591ED060ADB
:101D8000B5EE400AF1EE10FA02DB91ED060A03E02F
:101D900091ED060AB1EE400AD1ED020AB4EE600AF6
:101DA000F1EE10FA0DDBBD480268521C02608A8910
:101DB00003689A4208D28A890260012081F84800AB
:101DC00002E00020B549086010BD000010B50020F9
:101DD0006920FAF79CF86820FAF799F86B20FAF76F
:101DE00096F8AD4CD4F88400401CC4F88400200060
:101DF000FFF77CFD94F9380094F9391088423FD000
:101E00000120FAF755FAE0650120FAF768FA012097
:101E1000A0759D4894F938104056411EE26E0800A6
:101E2000C0B204EB4000B0F86000121AE266E06D48
:101E30000A00D2B204EB4202A2F86000E06EC9B21E
:101E400004EB4101B1F8601010FA81F0E06694ED06
:101E50001B0AB8EE400ADFED3C0A80EE800A94F9D6
:101E6000210000EE900AF8EEE00A20EE200A84ED50
:101E70000A0A2000FFF7A2FD84F82100FFF752FEB6
:101E800010BD10B50120FAF713FA42F21171884221
:101E90000CD3814C2000FFF729FDFFF743FE002003
:101EA000A0750020A0620120FAF719FA7A4991ED95
:101EB0000B0AF3EE030A91ED0A1A00EE201AB3EEB4
:101EC000040A81EE000A81ED0B0A087900283AD055
:101ED00091ED0B0AB5EE400AF1EE10FA02DB91ED3E
:101EE0000B0A03E091ED0B0AB1EE400AF2EE040A90
:101EF000B4EE600AF1EE10FA22D591ED060AB5EEC5
:101F0000400AF1EE10FA02DB91ED060A03E091EDD2
:101F1000060AB1EE400AD1ED020AB4EE600AF1EE13
:101F200010FA0DDB5E480268521C02608A89036861
:101F30009A4208D28A890260012081F8480002E0B2
:101F400000205749086010BD24CA024B18B58FB055
:101F50003421002202AC2000FAF77AFE0820039018
:101F600003200590012006904E4C02AA012120007A
:101F7000FAF72DFF02AA00212000FAF728FF02AA93
:101F800003212000FAF723FF0520ADF8020001200D
:101F90008DF804001B20ADF80000434C0022210006
:101FA0006846FAF7ABFF1B20ADF8000000222100C5
:101FB0006846FAF7A3FF1B20ADF8000000222100BD
:101FC0006846FAF79BFF3120F9F7C7FF3020F9F791
:101FD000C4FF3320F9F7C1FF00210020FAF78AF986
:101FE0000020FAF751F94FF47A710D20FBF73EF813
:101FF0000820039003200590012006902B4C02AA94
:1020000001212000FAF7E3FE02AA00212000FAF7DE
:10201000DEFE02AA03212000FAF7D9FE0620ADF861
:10202000020001208DF804002220ADF80000204CB1
:10203000002221006846FAF761FF2220ADF8000077
:10204000002221006846FAF759FF2220ADF800006F
:10205000002221006846FAF751FF6920F9F77DFF59
:102060006820F9F77AFF6B20F9F777FF002101204C
:10207000FAF740F90120FAF707F94FF47A710E20C8
:10208000FAF7F4FF10B010BD08060208A40E02080B
:102090000006020824180208D810020818190208BD
:1020A0001C19020800033140451C0910800631400C
:1020B000CD1D09100EB4C0B5024603A80021019041
:1020C000009101AB0121044878440C30FCF77DFFFE
:1020D00006BC5DF810FB00BF5138000000B551ECA4
:1020E000100B00F003F841EC100B00BD40F2FF7C38
:1020F0000CEA115240F2FE33D21A17DD352A1DDAEE
:10210000B2F1150308DA6FEA4C53D34031EA5301B8
:10211000C9189943002070476FF00002DA4030EA96
:102120005200801841F100019043704701F00041D6
:1021300004BF41F07C5141F4700100207047000061
:10214000C1F30A5340F21E42D31A0CDDCA0283F3D4
:10215000070342EA505242F00042DA4002EBE172D9
:1021600082EAE17070476FEAE17203F2E13008B190
:1021700082F000407047000080B507220B2100204C
:1021800000F0C7FC1D48816944F26802914202D008
:1021900000F010F80DE01A4902680A8242684A828B
:1021A00082688A821749C2680A8202694A82406943
:1021B000888201BD80B511481149B1F91020026033
:1021C000B1F912204260B1F9141081600D49B1F9E2
:1021D0001020C260B1F912200261B1F914104161FE
:1021E00044F2680181610B21002000F038FC0722D5
:1021F0000B21002000F0C7FC01BD0000A40602086E
:10220000A40E0208D810020880B500F0E4FCFFF725
:10221000B3FF01BD80B5AFF30080024A1100182062
:10222000ABBEFBE726000200D0F80803C005C00DD6
:10223000704710F541710A6852F480320A6010F557
:1022400041710A6832F480320A60D0F804037047A2
:10225000C0F840127047D0F80802C005C00D7047A2
:10226000D0F80802C0F3C030704738B50500280028
:10227000FFF7F1FF04002800FFF7F2FF0419002C1C
:1022800001D1012000E00020C0B232BD016851F050
:102290000041016070472030026861F39B62026078
:1022A000704780B5FFF7C0FF02BD80B5FFF7C1FFE3
:1022B00001BD40B2002804D0012808D003280BD06B
:1022C0000FE0202901D3012000E0002070471029F1
:1022D00001D30120FAE7F8E7082901D30120F5E747
:1022E000F3E70120F2E7F8B507000D0016001C0027
:1022F0002900380040B2FFF7DCFF012801D101209E
:1023000017E0380040B2022816D1B6F5803F11D24E
:10231000202C0FD2DFF8A40300EB85010A6866F3D6
:1023200017220A6000EB8500016864F3C7010160B1
:102330000020F2BD0120FCE77FB2032F17D1B6F1D8
:10234000807F12D2202C10D2DFF8740300EB8501BD
:102350000A6802F0FF0252EA06220A6000EB8500DA
:10236000016864F3C7010160E2E70120E1E70120B1
:10237000DFE770B504000D0016003100280040B200
:10238000FFF797FF012801D101200EE0DFF8341399
:10239000200040B251F820006DB265F3092066F3C9
:1023A000070064B241F82400002070BD38B5040075
:1023B0000D002900200040B2FFF77BFF012801D16A
:1023C000012010E0DFF80013086850F0004050F0E2
:1023D000407050F47F0064B264F3092065F3070095
:1023E00008600868002032BD0100C02049B2002901
:1023F00005D0022907D004D3032906D006E03220F5
:1024000004E03A2002E06A2000E07220C0B2704787
:102410000100C02049B2002905D0022907D004D309
:10242000032906D006E0312004E0392002E06920CB
:1024300000E07120C0B270470100C02049B20029FD
:1024400006D0022908D005D3042909D006D307E015
:10245000302005E0382003E0682001E07020FFE72D
:10246000C0B270470100C02049B2002906D002293D
:1024700008D005D3042909D006D307E0332005E0AE
:10248000582003E06B2001E0BF20FFE7C0B2704797
:102490000100002049B2002905D0022907D004D349
:1024A000032906D006E0132004E0132002E01320E5
:1024B00000E0132040B270470100002049B200291B
:1024C00005D0022907D004D3032906D006E0132043
:1024D00004E0132002E0132000E0132040B2704714
:1024E0000100002049B2002906D0022908D005D3F6
:1024F000042909D006D307E0132005E0132003E0E8
:10250000132001E01320FFE740B2704701000020D4
:1025100049B2002906D0022908D005D3042909D0E0
:1025200006D307E0132005E0002003E0132001E0BC
:102530000020FFE740B27047010049B2002905D0F2
:10254000022907D004D3032906D006E0222004E0A4
:10255000232002E0212000E0202040B2704730B468
:10256000DFF8682103005BB2D35C0C00E4B2A34245
:1025700000F0A2800B00DBB2082B02D0102B47D05A
:1025800098E0DFF83032040064B253F82440246845
:1025900034F4404405006DB253F825502C6004001B
:1025A00064B253F82440D4F8004264096401050081
:1025B0006DB253F82550C5F80042040064B253F8D8
:1025C0002440D4F8004254F0070405006DB253F8DB
:1025D0002550C5F80042040064B253F82440D4F8F2
:1025E00000436409640105006DB253F82550C5F835
:1025F0000043040064B253F82440D4F8004354F07C
:10260000070405006DB253F82530C3F8004351E0CC
:10261000DFF8A031040064B253F82440246834F495
:10262000404405006DB253F825502C60040064B29C
:1026300053F82440246854F4804405006DB253F8E4
:1026400025502C60040064B253F82440D4F80042B2
:102650006409640105006DB253F82550C5F80042C5
:10266000040064B253F82440D4F8004254F00F043C
:1026700005006DB253F82550C5F80042040064B25D
:1026800053F82440D4F800436409640105006DB296
:1026900053F82550C5F80043040064B253F82440B1
:1026A000D4F8004354F00F0405006DB253F8253000
:1026B000C3F8004340B2115430BC704700180040CA
:1026C000001C0040000C00400004004058190208A3
:1026D000F8B504000D0000201021200040B2FFF7E3
:1026E0003EFF354E200040B2305604280FD0200067
:1026F00040B23056C0B2C010304911EBC0110120B9
:10270000220052B2B25C12F0070290400860294FDA
:10271000ADB22900200040B257F82000FFF798FD25
:10272000200040B257F82000FFF79FFD0028F7D0A7
:10273000200040B257F82000FFF7B3FD0028F7D083
:10274000200040B257F82000FFF7AFFD0021200025
:1027500040B257F82000FFF77BFD200040B257F849
:102760002000FFF782FD0028F7D0200040B257F884
:102770002000FFF796FD0028F7D0200040B257F860
:102780002000D0F84003210049B2715604290ED030
:10279000210049B27156C9B2C910094A12EBC112DF
:1027A000012164B2335D13F007039940116080B2D8
:1027B000F2BD00006406020854190208040031400A
:1027C000080031402DE9F84F9CB004000D001E00B8
:1027D000920000238E480121FCF752F907003421B2
:1027E0000022E8464046FAF733FA3C2100220DF178
:1027F00034084046FAF72CFA20003100C0B2C9B2C2
:10280000884201D1012000E000209DF998B0DFF856
:10281000049240F2A6324946C0B2FAF7AEFE30004A
:102820005946C0B2C9B2884201D1012000E000205F
:102830009DF99C8040F2A7324946C0B2FAF79DFE4E
:1028400006200190584640B2FFF736FE8DF808008A
:10285000584640B2FFF7DCFD81465FF0080A584653
:1028600040B2FFF7D5FDDFF8B0B16A4699FBFAF147
:102870000AFB11994946C0B2C010C0015844FAF78A
:10288000A6FA06200190300040B2FFF701FE8DF855
:102890000800300040B2FFF7A7FD81465FF0080A4C
:1028A000300040B2FFF7A0FD6A4699FBFAF10AFB3F
:1028B00011994946C0B2C010C0015844FAF787FACE
:1028C000404640B204281ED008200190404640B245
:1028D000FFF706FE8DF80800404640B2FFF7ACFD5A
:1028E00006005FF00809404640B2FFF7A5FD6A46C2
:1028F00096FBF9F109FB11663100C0B2C010C001AE
:102900005844FAF764FA9DF9A060300040B20428F8
:102910001ED006200190300040B2FFF7F7FD8DF881
:102920000800300040B2FFF79DFD80465FF00809C7
:10293000300040B2FFF796FD6A4698FBF9F109FBBB
:1029400011884146C0B2C010C0015844FAF73FFA9E
:10295000200040B2FFF7F0FD2200D2B2521C03214A
:1029600040B2FFF706FD17F01F03C7F3571221000F
:10297000C9B2491C0320FFF7B6FC2100C9B2491CAB
:102980000320FFF713FD6DB2002D05D0022D09D0F5
:1029900005D3032D09D00AE000200F9007E00120A5
:1029A0000F9004E002200F9001E003200F9001201F
:1029B0000D9000200E900420109008201190082007
:1029C000129001208DF84C0001208DF84F000F4D22
:1029D00000220DA9200040B255F8200000F00CF9AB
:1029E0000021200040B255F82000FFF754FC2000E1
:1029F00040B255F82000FFF749FC034864B2065581
:102A00001DB0BDE8F08F00005419020864060208EA
:102A100000002D31A45409100000314038B50C00DD
:102A2000302C01D2012000E000206F4D3822290017
:102A3000C0B2FAF7A2FD392229006C480078FAF7F3
:102A40009CFD0121E40214F1A054200000F07CFA66
:102A5000002801D1012000E00020C0B232BD38B50D
:102A60000C00302C01D2012000E000205E4D4822F5
:102A70002900C0B2FAF781FD492229005B4800789D
:102A8000FAF77BFD0121E40214F1A054200000F0CC
:102A90001CFA31BD2DE9F04107000C0015001E00A5
:102AA000302C01D2012000E00020DFF83C817C22A4
:102AB0004146C0B2FAF761FD40F20120864201D2E0
:102AC000012000E000207D224146C0B2FAF755FD0A
:102AD0007E22414645480078FAF74FFD2100380034
:102AE000FFF79CFF002803D021003800FFF7B7FF55
:102AF000E40214F1A054002707E00122290020007D
:102B000000F068FA241D2D1D7F1CB742F5D3BDE8E7
:102B1000F08170B50D0014000020302D01D201208D
:102B200000E00020304E9A223100C0B2FAF725FDB5
:102B300040F20120844201D2012000E000209B22CB
:102B40003100C0B2FAF719FD9C2231002748007805
:102B5000FAF713FD5FF0A050ED02AD0800EB850120
:102B6000234A01201070002000E0401CA04207D240
:102B700051F820301F4D45F820301378022BF4D146
:102B80000020107070BD70B50C001500302C01D203
:102B9000012000E00020144EB9223100C0B2FAF743
:102BA000ECFC40F20120854201D2012000E000202F
:102BB000BA223100C0B2FAF7E0FCBB2231000B4868
:102BC0000078FAF7DAFC0B4A2B0021000020FFF70F
:102BD00061FF002070BD80B5002000F058F9012091
:102BE0000249087001BD0000AC5309106E190208BB
:102BF0006F190208A40602082DE9F041DFF8D03170
:102C00001C00DFF8D051D5F800C0DFF8CC512D689A
:102C1000DFF8C8613668DFF8C8713F685FF0000E02
:102C20005FF0000E002800F0D080002900F0CD8079
:102C30004C68002C01D18C6805E04C68022C01D155
:102C4000002400E00224D1F810E0D1F81480C64539
:102C500002D3D1F810E001E0D1F814E0BEF1090F81
:102C600008D23CF4404C91F82130002B12D05CF497
:102C7000807C11E0BEF1110F03D2012363F38F3C7E
:102C8000F1E7BEF1210F03D2022363F38F3CEAE7A1
:102C900018009BE03CF4807CCB685B1E13F00F03B4
:102CA0005FEA1C1C5FEA0C1C53EA0C0C012363F363
:102CB000196CC0F800C00B7F002B01D0002300E08E
:102CC000012363F300054B681B0963F34105CB7EC9
:102CD00063F304154B7E63F345150B68012B01D19B
:102CE000012300E0002363F3DF7523005B0863F337
:102CF000820564F3C3054B7F63F308258B7F63F381
:102D00004925CB7F63F38A2591F8203063F3CB25E7
:102D10000B7913F0030363F3196505620B7E63F30C
:102D200008278B7E63F349270B695B1E13F01F0393
:102D30007F097F011F43C0F8007391F8243003F02E
:102D4000FF0310F5417425682D0A2D022B432360E3
:102D50000B7E63F308264B695B1E13F01F03760995
:102D600076011E43C0F8006291F82C3003F0FF0397
:102D700010F5017425682D0A2D022B4323600B6B7F
:102D8000C0F8883F8B6AC0F8C83F91F8383010F51A
:102D90007064256863F34925256091F8391010F5B2
:102DA00074631C6861F3CB241C600021C0F8C81E4A
:102DB000002A09D000201060002090610020D0601F
:102DC0000020D0610748106200242000BDE8F08197
:102DD0000140AA00B05A0910B45A0910B85A091093
:102DE000BC5A0910EFCDAB00010009B2002909D48B
:102DF000012210F01F018A40DFF8941200B240094E
:102E000041F820207047020012B2002A05D449017F
:102E1000DFF8802200B2115408E04901DFF878227F
:102E200000B210F00F00104400F8041C7047DFF8E7
:102E30006C02016851F0010101600168C907FCD40E
:102E400070479748016851F001010160704795484B
:102E5000016851F00101016070471FB5684600F03C
:102E60000BFA00280DD0904C18229049200000F059
:102E70009FFA0020E07549208D490860002000F08D
:102E8000CFFA01208B490870FFF7D1FF1FBD80B535
:102E9000C0B201280ED10321874800F017FA0321A0
:102EA0000320FFF7B0FF0320FFF79EFF01208349B7
:102EB000087002E0002081490870FFF7C2FFFFF7A9
:102EC000C6FF01207B49087001BD7CB504000D00E0
:102ED0007B48D0E90023CDE90023280040B2002838
:102EE00014D17648007801280DD06F4E18226F4912
:102EF000300000F05DFA0020F07594206C49086005
:102F0000002000F08DFA00206A49087001208DF839
:102F1000040000208DF8050000942A0052B2694692
:102F2000002000F072FC00280DD05F4C18225F4991
:102F3000200000F03DFA0020E0759E205C4908600A
:102F4000002000F06DFA73BD7CB505000C00280070
:102F500000F060FB00280DD0534E1822534930007A
:102F600000F026FA0020F075B520514908600020D5
:102F700000F056FA200040B2002814D14F480078E3
:102F800001280DD0484E18224849300000F010FAB0
:102F90000020F075B92046490860002000F040FA92
:102FA0000020444908700095280000F068FB0028C4
:102FB00001D0202001E04FF400700190220052B2B5
:102FC0006946002000F059FC002801D1012000E0F2
:102FD000002076BDF8B584B004000D001600200076
:102FE00000F018FB00280DD02F4F18222F49380071
:102FF00000F0DEF90020F875DF202D490860002080
:1030000000F00EFA68461021FBF736FD300040B2A2
:10301000002814D12948007801280DD0224F182209
:103020002249380000F0C4F90020F875E620204954
:103030000860002000F0F4F900201E49087001200B
:103040008DF8080001208DF8090002208DF80A0093
:1030500001208DF80B0000208DF80C0000940195E4
:10306000320052B26946002000F07FFA00280DD0ED
:103070000D4C18220D49200000F09AF90020E0754F
:10308000F5200B490860002000F0CAF905B0F0BD3A
:1030900000E100E000E400E018ED00E0080024405A
:1030A00000F4244000F5244058180208A8500910E4
:1030B00008190208661902085B2E09106719020830
:1030C000485A091038B50400082C10D3DFF8B05264
:1030D0001822DFF8B012280000F06AF90020E87525
:1030E000E820DFF8A4120860002000F099F9DFF86A
:1030F0009C026401204432BDDFF894321B6862F305
:103100001F4361F30F0383607047C0687047DFF8A7
:1031100084321B6862F31F4361F30F03036000688E
:103120007047C069C00FC0B27047F8B502000D000B
:10313000002A01D1052053E0DFF85C120868C0F3D3
:103140000320002801D1002007E00868C0F3032015
:103150000E2801D1012000E00220DFF840124001DA
:1031600001EB00067FF07044DFF834723800110084
:103170001022FCF7B1FD386840084000386010218B
:10318000380000F0A2F9DFF81C323A0001213000CB
:1031900000F016FC002804D0012021E0641E002C61
:1031A00015D03000FFF7BDFF0028F7D1002D08D063
:1031B0001021380000F088F9280039001022FCF7AF
:1031C0008BFD00F041F8012803D1032008E0022024
:1031D00006E000F039F8002801D1002000E00420CA
:1031E000F2BD38B50100002901D105202BE06A4A63
:1031F0001068C0F30320002801D1002007E0106808
:10320000C0F303200E2801D1012000E00220634A10
:10321000400102EB0004624D28001022FCF75CFD27
:1032200028684008400028601021280000F04DF96F
:103230005C4B2A000121200000F0C2FB002801D0D5
:10324000012000E0002032BD10B5554C10212000B7
:1032500000F03AF9206810F07040B0F1204F01D131
:10326000002008E0206810F07040B0F1704F01D1EC
:10327000012000E0022010BD38B50400FFF7E4FF94
:103280000500280040B2022802D17FF070400DE016
:10329000002C04D0200042491022FCF71DFD6DB225
:1032A000002D01D1002001E03D48006832BD10F042
:1032B0007041B1F1204F01D1002006E010F07041C3
:1032C000B1F1704F01D07FF0704070473EB5364A83
:1032D000D2E90045CDE90045ADF802103349086058
:1032E0006846FAF7F7FA0FF24101BDF90000FAF764
:1032F0000DFB0220FFF7E6FE274A1168C1F3032108
:10330000002901D1002107E01168C1F303210E2932
:1033100001D1012100E002210022012313FA01F171
:10332000FFF7EAFE37BD000038B500200220FFF7A6
:10333000C9FE04002000FFF7E8FE050016490868F2
:10334000C0F30320002801D1002007E00868C0F383
:1033500003200E2801D1012000E002202900C140F5
:10336000C80705D511490868002801D008688047BA
:103370002A00120CADB229002000FFF7C8FE31BDB3
:10338000581802083051091008190208001022408C
:10339000E85A0910EC5A09100000204000002240B1
:1033A000E018020804190208505A0910001902080E
:1033B00001B58B071AD1830724D1121F21D351F8ED
:1033C000043BA3F1013C2CEA030C1CF0803C04BF3D
:1033D00040F8043BF1E79CFA8CFCBCFA8CF1C1F19B
:1033E00018018B40CB4040F8043B13E0042A09D37A
:1033F00011F8013B521E00F8013B5BB18B07F7D17E
:10340000D9E7121D5AB111F8013B521E00F8013BD9
:1034100003B1F8D111001CBF0022F9F71DFC01BD5A
:1034200001BEFEE780B5234A23490B6893423ED094
:103430000A60224A12684A62214A8A6202684A6025
:1034400042688A608268CA60C2680A6102694A6129
:1034500042698A618269CA61C2690A62F1EE102A10
:1034600012F0900F23D0174A8A62026ACA62426A37
:103470000A63826A4A63C26A8A63026BCA63426BE6
:103480000A64826B4A64C26B8A64026CCA64426CCE
:103490000A65826C4A65C26C8A65026DCA65426DB6
:1034A0000A66826D4A66C26D8A66006EC86600F062
:1034B000A5FA01BDF7F6F5F4DC16020828ED00E0E8
:1034C000A4A3A2A1ABAAA9A870477047DFF8600423
:1034D0000068400B10F0010040B27047DFF8500464
:1034E0000068000B10F0010040B27047DFF84404A0
:1034F000016851F0010101600168C907FCD47047FF
:103500001FB5040049B2012924D168461021FBF7F8
:10351000B3FA69462000FFF708FE010049B201290D
:1035200002D1DFF814041EE0010049B2022902D1E1
:10353000DFF8080417E040B2042802D1DFF80004E5
:1035400011E0009800F002F900280CD1FFF7CEFF3F
:10355000002008E02000FFF744FE002802D0DFF83A
:10356000D80300E0002004B010BD38B584B00C00D2
:103570001500002C02D1DFF8CC0349E0206800F0F0
:10358000D3F8012802D06068002802D1DFF8B40324
:103590003EE068461021FBF76FFA0620009960F3C1
:1035A0001F610091207A00F0FF00009960F30F2165
:1035B0000091607A00F0FF00009960F317410091DC
:1035C000E07A00F0FF00019960F30F210191A07AE9
:1035D00000F0FF000199090A090208430190207BCD
:1035E00000F0FF00019960F31F61019120680290D3
:1035F00060680390DFF8500394F90A1030F8111056
:103600006068FFF762FF290049B26846FFF778FF5C
:1036100005B030BD10B50400FFF758FF00280ED1EB
:1036200014F16C40B0F5C03F01D2002026E0DFF875
:103630001C030419B4F5004F1FD200201EE014F142
:103640006C40B0F5404F01D2002017E0DFF80003D6
:103650000019B0F5804F01D200200FE014F16B404B
:10366000B0F5404F01D2002008E0DFF8E80204196D
:10367000B4F5804F01D2002000E0012010BD10B54C
:103680000400FFF723FF002807D1DFF8C002041968
:10369000B4F5004F11D2012010E0DFF8B402001998
:1036A000B0F5804F01D2012008E0DFF8A80204192C
:1036B000B4F5804F01D2012000E0002010BD10B50C
:1036C0000400FFF70BFF00280ED114F17040B0F595
:1036D0007C1F01D2002026E0DFF87C020419B4F53B
:1036E000003F1FD200201EE014F17040B0F5FC1F17
:1036F00001D2002017E0DFF864020019B0F5803F26
:1037000001D200200FE014F16E40B0F5FC1F01D291
:10371000002008E0DFF848020419B4F5803F01D228
:10372000002000E0012010BD10B504002000FFF7CC
:1037300071FF002801D1002007E02000FFF7BFFF44
:10374000002801D1002000E0012010BD80B5FFF766
:10375000AEFD002801D1002056E07FF07041884284
:1037600002D1DFF8DC014FE0DFF8F811401A1CD07D
:10377000801E1DD0401E1ED0401E1FD0401E20D0D7
:10378000001F21D0873822D0401E23D0123824D0E9
:10379000401E25D0401E26D0801E27D0801E28D057
:1037A000083829D009382AD02CE05FF4A4002BE097
:1037B000DFF8B40128E0DFF8B40125E0DFF8B0015C
:1037C00022E0DFF874011FE0DFF8A8011CE0DFF859
:1037D000A80119E0DFF8A40116E0DFF8A40113E066
:1037E000DFF8A00110E0DFF8A0010DE0DFF89C0198
:1037F0000AE0DFF89C0107E0DFF8980104E0DFF859
:10380000980101E0DFF8380102BD38B584B00C0042
:103810001500002C02D1DFF82C012CE02068FFF706
:1038200083FF012802D1DFF81C0124E0207810F08A
:10383000030F02D0DFF80C011DE068461021FBF7F2
:103840001BF91420009960F31F610091207900F0AA
:10385000FF00009960F30F210091607900F0FF00F4
:10386000009960F31741009120680190290049B246
:103870006846FFF745FE05B030BD38B588B00C008E
:103880001500002C01D12F484FE06068002801D1BD
:103890002C484AE02068FFF7BDFE012808D02068C8
:1038A000616810EB8100401EFFF7B4FE012801D1D2
:1038B00024483AE068461021FBF7DEF82A200099F8
:1038C00060F31F610091206801906068401E80B223
:1038D0000299090C0904084302906DB2012D1CD114
:1038E00004A81021FBF7C8F804A96846FFF71DFCDF
:1038F000010049B2012901D10F4816E0010049B287
:10390000022901D10D4810E040B2042801D10C4831
:103910000BE00498FFF71AFF07E06846FFF761FC29
:10392000002801D0044800E0002009B030BD0000AC
:1039300000002440080024400400520010005200FF
:10394000FF0052000F005200405909100080FEEBAA
:103950000040FFEB0040FFEA0000C1EF0080E0EF15
:103960000080E0ED010000F0010052000200520072
:1039700003005200050052000600520007005200EA
:1039800008005200090052000A0052000B005200C9
:103990000C0052000D0052000E005200154A126831
:1039A00061F30F0282607047C16070470161704728
:1039B0000068C00F002801D10F4800E000207047C8
:1039C000F8B504000D0016001F002000FFF7F0FFFF
:1039D00000280DD131002000FFF7E6FF390020005C
:1039E000FFF7E4FF29002000FFF7D8FF002000E0E8
:1039F0000148F2BDAC5A091001008A000349087859
:103A0000002800D1FEE70220087070476F190208F5
:103A1000DFF8E8110868C0F34000002801D0022058
:103A200002E0086810F001007047DFF8D401006878
:103A300010F0010070470000002801D0022801D3D7
:103A4000012002E0401E0860002070471CB5FF24E2
:103A50006946FFF7F1FF40B2002802D02000C0B253
:103A600007E0DFF8A001009950F8210010F00100F4
:103A7000C0B216BDDFF8E4010068800810F0010054
:103A80007047000038B50400200040B2032811D36D
:103A9000DFF8C0511822DFF870112800FFF788FC0A
:103AA0000020E87540F64900DFF8AC1108600020FE
:103AB000FFF7B6FCDFF8A811200040B251F8200053
:103AC000C0F30020002805D064B251F8240010F0A3
:103AD0000F0000E0FF2032BD38B50400200040B2E6
:103AE000032811D3DFF86C511822DFF81C112800CD
:103AF000FFF75EFC0020E87540F67E00DFF8581105
:103B000008600020FFF78CFCDFF8540164B250F825
:103B10002400C0F3011040B232BDDFF84801006854
:103B2000C0F30720704738B50400042C11D3DFF828
:103B300024511822DFF838112800FFF739FC002043
:103B4000E87540F29510DFF8101108600020FFF7CB
:103B500067FCDFF8180150F8240010F0070001009E
:103B600009B2042907D1DFF8000150F8240010F051
:103B70001F0050F4807000B232BDDFF83C120968BB
:103B80008A03920B0260090E11F00101C171DFF886
:103B9000201209680A00D204D20C82800A00120C9A
:103BA00002F0FF020281090C01F0FF014181DFF800
:103BB000C410096811F00F0202730A00C2F3031265
:103BC00042730A00120AD204D20CC281090F11F00A
:103BD00003010174DFF8DC1109680A00120A12F00F
:103BE000070282710A00120CD205D20D4282890F9F
:103BF00011F00101017570470000000024152640F6
:103C00004015264040162640904F09101CB50C0068
:103C10006946FFF711FF010049B2002901D040B207
:103C200017E0DFF85803009950F8210010F07F01E9
:103C30002160C0F304216160C0F30441A160010070
:103C4000090F11F003016173C00E10F00100207321
:103C5000002016BD58180208081902081000274055
:103C60004012264008002040000126400012264055
:103C70001C5009103815264080B50100DFF8E40318
:103C80001822FCF739F80120DFF8DC130870002057
:103C900002BDDFF8D8130968C90F002908D0DFF882
:103CA000C8130978002907D100210160032070475B
:103CB000002101600320FAE7DFF8A813096801601A
:103CC0000020F4E710B50400FFF7A2FE002803D19E
:103CD0000020206003200DE0DFF88C03007800282E
:103CE00005D0DFF8800380682060002002E000201B
:103CF0002060032010BD0000DFF86C130978002954
:103D000005D0DFF8601349680160002002E000215F
:103D10000160032070470000DFF854130968C90FE1
:103D2000002908D0DFF840130978002907D10021C5
:103D3000016003207047002101600320FAE7DFF8EB
:103D40002413C96801600020F4E7DFF8281309682C
:103D5000C90F002908D0DFF810130978002907D10E
:103D60000021016003207047002101600320FAE771
:103D7000DFF8F012096901600020F4E710B50400D3
:103D8000FFF778FE002803D10020206003200DE01B
:103D9000DFF8D4020078002805D0DFF8C8024069B7
:103DA0002060002002E000202060032010BD000001
:103DB000341526403C1526403015264010B50C0021
:103DC000C0B2FFF7B0FE00280ED0012810D00228A4
:103DD00012D0B0F5887F13D040F21111884213D071
:103DE000B0F58A7F14D017E02000FFF752FF16E0ED
:103DF0002000FFF781FF12E02000FFF763FF0EE0D5
:103E00002000FFF789FF0AE02000FFF7B7FF06E078
:103E10002000FFF79AFF02E000202060032010BD81
:103E200080B501000020FFF7C9FF02BD80B5002268
:103E3000D2B2824203D200200860012003E0401C7D
:103E4000C0B2FFF7BBFF02BD18B587B004006846DB
:103E5000FFF7E6FF010049B2002903D000212160ED
:103E600040B22BE001A8FFF788FE9DF9140002285C
:103E700003D100982060002020E0DFF8FC010068FA
:103E8000C00F002808D0FFF7D0FDC0B2002807D12E
:103E900000202060032011E00098206000200DE049
:103EA000009901984143BDF80800B1FBF0F09DF87E
:103EB0000B10491CB0FBF1F02060002008B010BDD1
:103EC00078B585B005000C0069462800C0B2FFF740
:103ED000ADFF010049B2002903D00021216040B2AA
:103EE00049E001A92800C0B2401CFFF78FFE40B294
:103EF000002811D0DFF884611822DFF88411300027
:103F0000FFF756FA0020F07540F65310DFF87411F1
:103F100008600020FFF784FA18482900C9B250F859
:103F20002100C00F002807D09DF91100022807D1F9
:103F30000098206000201EE00098206000201AE019
:103F4000EDB26D1C2800FFF781FD0100C9B2002908
:103F500002D0C0B2FF2803D10020206003200AE075
:103F60000099019841430298B1FBF0F00399B0FB2E
:103F7000F1F02060002006B070BD00000016264061
:103F800010B50023421E0400E4B2002C03D1080047
:103F9000FFF75AFF0CE01400DBB2E4B2A34204D3F3
:103FA0001000C0B2FFF78CFF02E0C0B2FFF706FFBF
:103FB00010BD38B505000C00280040B2FFF762FDC7
:103FC0000100C9B2FF2904D12000FFF762FE40B210
:103FD0001BE06946C0B2FFF7D3FF010049B20029D8
:103FE00003D00021216040B20FE0280040B2FFF76B
:103FF00073FD40B2002805D002280BD006D3032859
:104000000CD00FE000982060002032BD00984008DE
:104010002060F9E7009880082060F5E70098C00864
:104020002060F1E7002020600320EEE71CB50400CB
:1040300069460020FFF7BDFF010049B2002903D007
:104040000021216040B207E0FFF767FD0099401CA6
:10405000B1FBF0F02060002016BD80B5FFF7E6FF51
:1040600002BD000040180208681902081815264011
:10407000081526400C152640301526405818020811
:104080001C5009100819020840B2002804D0012869
:1040900008D003280BD00FE0202901D3012000E035
:1040A00000207047102901D30120FAE7F8E708291A
:1040B00001D30120F5E7F3E70120F2E770B5050031
:1040C0000E0014006400641C3100280040B2FFF7A9
:1040D000DBFF012801D101200FE0280040B20028B9
:1040E0000ED1B4F5807F09D2DFF8E00300EB860043
:1040F000016864F30F210160002070BD0120FCE71E
:104100006DB2012D0DD1B4F5803F08D2DFF8C003A8
:1041100000EB8600016864F317210160ECE70120E1
:10412000EBE70120E9E770B504000D00160031004F
:10413000280040B2FFF7A8FF012801D101200EE0BE
:10414000DFF89013200040B251F820006DB265F303
:10415000092066F3070064B241F82400002070BD16
:1041600038B504000D002900200040B2FFF78CFF95
:10417000012801D1012010E0DFF85C13086850F03D
:10418000004050F0407050F47F0064B264F30920A6
:1041900065F3070008600868002032BD010049B2DD
:1041A000002934D0012934D0022934D0032934D055
:1041B000042934D0052934D0062934D0082934D034
:1041C000092934D00A2934D0102934D0242934D0F4
:1041D000252934D02C2934D02D2934D02E2934D07F
:1041E0002F2934D0342934D0352934D0362934D04D
:1041F000402934D0412934D0432934D0442934D003
:10420000452934D0462934D0472934D035E03020F0
:1042100033E0312031E032202FE033202DE0342014
:104220002BE0352029E0362027E0382025E0392012
:1042300023E03A2021E041201FE060201DE06120C2
:104240001BE0682019E0692017E06A2015E06B2068
:1042500013E0702011E071200FE072200DE090203B
:104260000BE0912009E0932007E0942005E09520E1
:1042700003E0962001E09720FFE7C0B2704730B41A
:10428000010049B2202291FBF2F3010049B2202241
:1042900091FBF2F402FB1411904A40B2125C5200FE
:1042A000D2F104028E481C00E4B250F824400D0004
:1042B000EDB2AD012C4404F63C04256855F001052F
:1042C0002560DBB250F82300C9B289010844D0F858
:1042D000240880B2104180B230BC7047F8B50400A9
:1042E0000D0086227F492800C0B2F9F746F9002761
:1042F000002606E0200040B2FFF7C1FF17FA80F762
:10430000761C30002900C0B2C9B28842F2D3EDB2A7
:10431000B7FBF5F080B2F2BDF0B597B004000D0028
:10432000002000200020342100220AAE3000F8F7DF
:104330008FFC082100226E463000F8F789FC6748A0
:10434000210049B24554200040B22021644D90FB29
:10435000F1F201FB12008001210049B2202291FB01
:10436000F2F155F82110084410F5006000F0B9F999
:1043700000200B90200040B2FFF710FF0600082736
:10438000200040B2FFF70AFF0AAA96FBF7F107FBED
:1043900011663100544BC0B2C010C0011844F8F788
:1043A00016FD06275148B0FBF7F601220121200037
:1043B00040B2202390FBF3F0263040B2FFF7B3FE6B
:1043C0007F1E3A0001210120FFF778FE0121012024
:1043D000FFF7C6FE00208DF8030001208DF80500D0
:1043E00001208DF8060001208DF8070069462000A5
:1043F00040B2202290FBF2F055F8200000F07CF84B
:104400004FF416723A480021E2FB0601394A0023B4
:10441000FAF736FB06002021002202AF3800F8F739
:1044200017FC03208DF80A00200040B2202190FBE9
:10443000F1F201FB12008DF80D0001208DF8100043
:10444000ADF8146001208DF80B0001208DF82200DA
:10445000200040B2202202A990FBF2F302FB1300DD
:104460008001220052B2202392FBF3F255F8222061
:10447000104410F5006000F086F8200040B22021C2
:1044800090FBF1F201FB12008001210049B22022D1
:1044900091FBF2F155F82110084410F5006000F08E
:1044A00036F9200040B2202190FBF1F201FB12000E
:1044B000800164B2202194FBF1F155F821100844E9
:1044C00010F5006000F02FF917B0F0BD00100040AB
:1044D00000140040000C0040000400404C1702088B
:1044E0001C060208305309100000314000B4C40417
:1044F0000065CD1D00CA9A3B70B40022DFF8B032CF
:104500001C6800293AD00B7813F00F0310F1100546
:104510002E683609360133432B604B7863F307046A
:104520008B78002B01D0012300E0002363F30824E3
:1045300091F9033063F349240B79002B01D0012357
:1045400000E0002363F38A244B79002B01D0012380
:1045500000E0002363F35D748B79002B01D001230D
:1045600000E0002363F39E74C979002901D0012182
:1045700000E0002161F3DF74046001E0DFF8342221
:10458000100070BC70472DE9F84F81460C000025E3
:10459000DFF82402D0F800A0DFF820020668DFF878
:1045A00020020768DFF81C02D0F80080DFF818024C
:1045B000D0F800B0002C00F08F80484600F0ADF835
:1045C0005BF4806B5BF4007B5BF4807B5BF0020B45
:1045D0005BF0010B5BF0040BC9F810B0207810F011
:1045E00007005FEADA0A5FEACA0A50EA0A0A607854
:1045F00010F0070060F3061AA07810F0030060F3D3
:10460000092AE078002801D0012000E0002060F3B2
:10461000CB2A94F90400002801D0012000E00020FA
:1046200060F3DF7AC9F800A0607910F03F00B609A6
:10463000B6010643A07910F0030060F38716E07915
:1046400010F0070060F30A26207A002801D001202C
:1046500000E0002060F3CB26607A10F0030060F3E6
:104660000D36A07A10F0030060F38F36A0890005A4
:10467000000D60F31B4694F90E0060F3DF76C9F875
:104680000460E07B10F00700FF08FF00074394F987
:10469000100060F3861794F9110060F3C717A07C2F
:1046A00060F30F27E07C10F01F0060F31447207DBB
:1046B00010F0030060F39757C9F80870E08A60F3C0
:1046C0000F08208B60F31F48C9F80C8014F11A0101
:1046D000484600F02EF801E0DFF8D8502800BDE889
:1046E000F28FDFF8EC1009684FF4006202600022DC
:1046F000826351F4806151F4007151F4807151F082
:10470000020151F0010151F004010161704738309C
:10471000016851F0010101607047383001684908B3
:104720004900016070473C30016851F001010160AF
:10473000704710B40022DFF894301C68002931D093
:104740004B79002B01D0012300E0002363F38A247E
:104750000B79002B01D0012300E0002363F34924EF
:10476000CB78002B01D0012300E0002363F3082461
:104770004B78002B01D0012300E0002363F34104B8
:104780000B78002B01D0012300E0002363F3000429
:104790008978002901D0012100E0002161F3820421
:1047A000846101E0DFF80C20100010BC70470000AD
:1047B000785A09100100DA007C5A0910805A091051
:1047C000845A0910885A09108C5A0910945A0910F1
:1047D000905A091080B500F003F900F003F800F0DA
:1047E00089F801BD7CB568464F49D1E90023C0E98D
:1047F000002300200AE069460200D2B201EBC201A8
:104800004968491C11F0070F0DD1401C0100C9B2C5
:10481000002909D169460200D2B211F8321011F014
:10482000070FE8D0FEE7FEE7404C207810F0070FB6
:1048300000D0FEE73E4D2868401C10F0070F00D066
:10484000FEE7002622E068463100C9B200EBC10055
:1048500041683000C0B252F8300000F042F814E075
:1048600000200028EFD02168491E3000C0B252F865
:10487000300000F036F868463100C9B200EBC100E4
:1048800041682868401C00F02CF8761C3000C0B24B
:10489000002825D16A463000C0B252F83000002806
:1048A00013D020683100C9B252F8311088420AD3BF
:1048B00068463100C9B200EBC100406821688842F7
:1048C00001D30120CDE70020CBE768463100C9B213
:1048D00000EBC100406821688842C1D30120C0E7D5
:1048E00073BD0022002302E0C0E9002308308842A3
:1048F000FAD3704730B40F4880080F490F4A00239D
:1049000008E01C00E4B252F824401D00EDB241F86A
:1049100025405B1C1C000500E4B2EDB2AC42F0D3B4
:104920000748016030BC7047705A0910D85509100B
:10493000DC55091080000000001C0208000008106F
:1049400008ED00E080B500F001F801BD38B586B093
:1049500068462B491822FBF7CFF96846FFF78CF918
:1049600040B200280DD0274C182227492000FEF71E
:104970001FFD0020E0754A20244908600020FEF752
:104980004FFD234D2800FFF768FB40B200280DD0F3
:104990001C4C18221C492000FEF70AFD0020E0757F
:1049A0004C201A4908600020FEF73AFD1949286892
:1049B00008600A68184882181848B2FBF0F0184AD4
:1049C00010601848096801F2E7314FF47A72B1FBC0
:1049D000F2F101600068C0031349086007B030BD00
:1049E00080B500F025F811490A6852F470020A6097
:1049F000BFF34F8FBFF36F8F00F01EF801BD0000B3
:104A0000F858091058180208004F09100819020830
:104A1000281902082C1902083F420F0040420F00DB
:104A200034190208301902083819020888ED00E02C
:104A3000EFF3108072B6704780F310887047000063
:104A4000010009B2002908D4012210F01F018A4098
:104A5000414900B2400941F820207047FEE780B587
:104A60003E4800683E4801680800C00F002805D095
:104A70003C488905890D50F8210080470020FFF748
:104A8000DFFF01BD80B5384800683848016808007C
:104A9000C00F002805D033488905890D50F8210042
:104AA00080470120FFF7CCFF01BD80B5304800688A
:104AB000304801680800C00F002805D02948890542
:104AC000890D50F8210080470220FFF7B9FF01BD92
:104AD00080B5FBF73FFE0320FFF7B2FF01BD80B5B5
:104AE000FCF72AF80420FFF7ABFF01BD80B5224890
:104AF0000068224801680800C00F002805D0194846
:104B00008905890D50F8210080470520FFF798FF9F
:104B100001BD80B51A4800681A4801680800C00F36
:104B2000002805D00F488905890D50F821008047DD
:104B30000620FFF785FF01BD80B513490868C00F47
:104B4000002804D008688005800DF9F753F9072084
:104B5000FFF776FF01BD000080E200E0985A0910DF
:104B600000012040000002089C5A09100401204066
:104B7000A05A091008012040A45A0910140120402D
:104B8000A85A0910180120401C01204002200121D0
:104B900000E0491C04293DDA444A00EE901AF8EE80
:104BA000E00A92ED011A60EE810AF4EE400AF1EE9D
:104BB00010FAEED500EE901AF8EEE00A92ED021A25
:104BC00060EE810AB4EE600AF1EE10FAE1D500EE73
:104BD000901AF8EEE00A92ED011A60EE810AF4EE06
:104BE000400AF1EE10FA0ED500EE901AF8EEE00A47
:104BF00092ED031A60EE810AB4EE600AF1EE10FA4B
:104C000001D5012006E000200021294A1160002181
:104C1000284A1160010049B2012907D125490A68D3
:104C2000521C0A600968322900D20020010049B2F2
:104C3000022907D11E490A68521C0A6009683229F4
:104C400000D2012040B2704770B5002005210A2033
:104C5000FFF744FB154E80B2FBF726FD164A174BB3
:104C6000F7F7CAFB04000D003069F7F7A1FB22003B
:104C70002B00F7F7C1FBF7F73BFE706196ED050AD5
:104C8000FFF784FF307670BD80B502210A20FFF760
:104C900043FB06480A4901610A4981600A49C1602B
:104CA0000A4941600121017001BD00002418020879
:104CB0000C1902081019020855A45FAE8727823F1D
:104CC000A5F97E3F9A9989409A9979400000604001
:104CD00010B53B4C2068401C206000F089F8002093
:104CE00000F0D5F8012804D1002000F0D4F8FCF73A
:104CF00007FB34480178012911D190F918000228E6
:104D00000DD13148007821682268B2FBF0F200FB37
:104D10001210002852D13520F6F7E1F94EE02B4869
:104D200090F94A10012904D0294991F94A20012A11
:104D30000DD12848007821682268B2FBF0F200FB10
:104D4000121000283AD13520F6F7C9F936E0027979
:104D5000012A15D190F94820012A03D091F9482061
:104D6000012A0DD11B48007821682268B2FBF0F2BD
:104D700000FB1210002821D13520F6F7B0F91DE014
:104D800090F90120022A15D190F95000032803D18F
:104D900091F9500003280DD00E4800782168226850
:104DA000B2FBF0F200FB1210002807D13520F6F715
:104DB00096F903E000213520F6F75EF910BD0000FA
:104DC00014190208241802089C060208A40E0208FE
:104DD000D81002089D06020880B503230022012195
:104DE0003520F6F78CF90A2000F05AF801BD0000D2
:104DF00010B50020002421E000212200D2B281540D
:104E000015E03A482100C9B241560229F4D00A21DE
:104E1000374A1268B1FBF2F1364A2300DBB252F88E
:104E200023208A42E8D301212200D2B281540020FB
:104E300030492200D2B241F82200641C2000C0B2E6
:104E4000042823DA2C482100C9B2405CF6F736F971
:104E50000128D6D027482100C9B250F82110491C9A
:104E60002200D2B240F822104FF47A71204A126820
:104E7000B1FBF2F12200D2B250F822008842DCD31A
:104E800002201A492200D2B28854D6E710BD174931
:104E900040B2085670470021144A40B2115470477E
:104EA00070B50400002C01D0012000E000208C220D
:104EB0001249C0B2F8F761FB002000250EE0012383
:104EC000012200210C482E00F6B2805DF6F717F99A
:104ED000002006492A00D2B288546D1C2800C0B2B6
:104EE0000428ECDB0248046070BD00004819020889
:104EF00044190208F0180208245B0910B452091082
:104F0000443A5C415374756479576F726B535C43D8
:104F10006F6465576F726B735370616365735C493F
:104F20004152393430776F726B737370616365739C
:104F30005C5365656B667265655F43595432424CDC
:104F4000335F446F75626C655F466F635F50726F6D
:104F50006A6563745C6C69627261726965735C73C3
:104F6000646B5C747669696268346D5C7372635CEF
:104F700073797374656D5C73797374656D5F747642
:104F800069696265346D5F636D342E6300000000F3
:104F9000443A5C415374756479576F726B535C4348
:104FA0006F6465576F726B735370616365735C49AF
:104FB0004152393430776F726B737370616365730C
:104FC0005C5365656B667265655F43595432424C4C
:104FD000335F446F75626C655F466F635F50726FDD
:104FE0006A6563745C6C69627261726965735C7333
:104FF000646B5C747669696268346D5C7372635C5F
:10500000647269766572735C737973636C6B5C63ED
:10501000795F737973636C6B2E680000443A5C416E
:105020005374756479576F726B535C436F64655743
:105030006F726B735370616365735C4941523934AD
:1050400030776F726B737370616365735C53656502
:105050006B667265655F43595432424C335F446FEF
:1050600075626C655F466F635F50726F6A656374EB
:105070005C6C69627261726965735C73646B5C74A9
:105080007669696268346D5C7372635C64726976B8
:105090006572735C737973636C6B5C63795F73794E
:1050A00073636C6B2E630000443A5C415374756407
:1050B00079576F726B535C436F6465576F726B7394
:1050C0005370616365735C494152393430776F7254
:1050D0006B737370616365735C5365656B66726552
:1050E000655F43595432424C335F446F75626C655F
:1050F0005F466F635F50726F6A6563745C6C696270
:105100007261726965735C73646B5C636F6D6D6F04
:105110006E5C7372635C6D775C666C6173685C6314
:10512000795F6D775F666C6173682E6300000000C5
:10513000443A5C415374756479576F726B535C43A6
:105140006F6465576F726B735370616365735C490D
:105150004152393430776F726B737370616365736A
:105160005C5365656B667265655F43595432424CAA
:10517000335F446F75626C655F466F635F50726F3B
:105180006A6563745C6C69627261726965735C7391
:10519000646B5C636F6D6D6F6E5C7372635C647285
:1051A00069766572735C6970635C63795F6970636B
:1051B0005F6472762E680000443A5C4153747564F3
:1051C00079576F726B535C436F6465576F726B7383
:1051D0005370616365735C494152393430776F7243
:1051E0006B737370616365735C5365656B66726541
:1051F000655F43595432424C335F446F75626C654E
:105200005F466F635F50726F6A6563745C6C69625E
:105210007261726965735C7A665F636F6D6D6F6EE4
:105220005C7A665F636F6D6D6F6E5F66756E6374DB
:10523000696F6E2E63000000443A5C4153747564DC
:1052400079576F726B535C436F6465576F726B7302
:105250005370616365735C494152393430776F72C2
:105260006B737370616365735C5365656B667265C0
:10527000655F43595432424C335F446F75626C65CD
:105280005F466F635F50726F6A6563745C6C6962DE
:105290007261726965735C7A665F636F6D6D6F6E64
:1052A0005C7A665F636F6D6D6F6E5F6669666F2EA9
:1052B00063000000443A5C415374756479576F721F
:1052C0006B535C436F6465576F726B7353706163AC
:1052D00065735C494152393430776F726B73737008
:1052E000616365735C5365656B667265655F4359A1
:1052F0005432424C335F446F75626C655F466F6336
:105300005F50726F6A6563745C6C69627261726926
:1053100065735C7A665F6465766963655C7A665F0F
:105320006465766963655F6B65792E6300000000D4
:10533000443A5C415374756479576F726B535C43A4
:105340006F6465576F726B735370616365735C490B
:105350004152393430776F726B7373706163657368
:105360005C5365656B667265655F43595432424CA8
:10537000335F446F75626C655F466F635F50726F39
:105380006A6563745C6C69627261726965735C7A88
:10539000665F6472697665725C7A665F647269766C
:1053A00065725F6164632E6300000000443A5C41F3
:1053B0005374756479576F726B535C436F646557B0
:1053C0006F726B735370616365735C49415239341A
:1053D00030776F726B737370616365735C5365656F
:1053E0006B667265655F43595432424C335F446F5C
:1053F00075626C655F466F635F50726F6A65637458
:105400005C6C69627261726965735C7A665F647212
:10541000697665725C7A665F6472697665725F66EA
:105420006C6173682E630000443A5C415374756488
:1054300079576F726B535C436F6465576F726B7310
:105440005370616365735C494152393430776F72D0
:105450006B737370616365735C5365656B667265CE
:10546000655F43595432424C335F446F75626C65DB
:105470005F466F635F50726F6A6563745C6C6962EC
:105480007261726965735C7A665F6472697665726F
:105490005C7A665F6472697665725F70776D2E63A1
:1054A00000000000443A5C415374756479576F7290
:1054B0006B535C436F6465576F726B7353706163BA
:1054C00065735C494152393430776F726B73737016
:1054D000616365735C5365656B667265655F4359AF
:1054E0005432424C335F446F75626C655F466F6344
:1054F0005F50726F6A6563745C6C69627261726935
:1055000065735C7A665F6472697665725C7A665F01
:105510006472697665725F7370692E6300000000C3
:10552000443A5C415374756479576F726B535C43B2
:105530006F6465576F726B735370616365735C4919
:105540004152393430776F726B7373706163657376
:105550005C5365656B667265655F43595432424CB6
:10556000335F446F75626C655F466F635F50726F47
:105570006A6563745C6C69627261726965735C7A96
:10558000665F6472697665725C7A665F647269767A
:1055900065725F756172742E6300000072B609480F
:1055A00009490860BFF34F8F002000210A4AE2E852
:1055B00002016A45FBD1054FB847054FB847054F73
:1055C000B847FEE70000081008ED00E0D5470910D5
:1055D0007D570910DD58091000FF0708FFFF070875
:1055E00080B50E4800F01CF8F8F716F8F7F766FCDF
:1055F000FFF7F2FBFFF748FBFCF706FEFBF744FF63
:105600000020F7F753FCFFF71FFBFFF761FBFBF7E9
:10561000F1FF0A20F8F73DFAF5E700BF00688909B5
:1056200080B505490860FFF78DF9F8F761FA0020A9
:10563000F7F73CFC01BD00003C19020830B400251E
:1056400012E050F8042BD30744BF4A44521E091FEE
:10565000042942F8045BFAD213468C0744BF158034
:105660009B1CC90748BF1D7050F8041B0029E8D1D6
:1056700030BC70474C454654204D4F544F52205A31
:1056800045524F3A25642C204449523A25732C2028
:10569000504F4C455F5041495253A3BA25640D0AFF
:1056A000000000005249474854204D4F544F5220AB
:1056B0005A45524F3A25642C204449523A25732CBE
:1056C00020504F4C455F5041495253A3BA25640DB9
:1056D0000A0000006F6E6C792074686520464F43A5
:1056E000206D6F6465207265717569726573207ACB
:1056F00065726F2063616C6962726174696F6E0DAF
:105700000A0000006C656674206D6F746F72206D06
:1057100061676E6574696320656E636F646572208E
:105720006572726F7221210D0A000000726967684C
:1057300074206D6F746F72206D61676E657469633C
:1057400020656E636F646572206572726F722121CD
:105750000D0A00006D6F746F72207A65726F20639E
:10576000616C6962726174696F6E20697320636F26
:105770006D706C6574650D0A0000000010B5074976
:1057800079441831064C7C44163404E00A68081D3C
:10579000114488470146A142F8D110BD50000000D5
:1057A0006C0000006D6F746F72207A65726F2063F9
:1057B000616C6962726174696F6E206973206661E1
:1057C000696C65640D0A00004EF68851CEF2000146
:1057D000086840F470000860BFF34F8FBFF36F8F0D
:1057E0004FF00170E1EE100A7047000051FEFFFF1C
:1057F000CC120000A406020800000000A76DFFFF05
:10580000640300003C01000000000208042071460F
:10581000084202D0EFF3098001E0EFF3088000B501
:105820000149884700BD00002534091080B58DF876
:105830000000012269460120F7F796FE012802D1F7
:105840009DF8000002BD4FF0FF3002BD00000000D7
:10585000801C800803D0401C801EFCD100BF704714
:10586000EFF3108072B6704780F310887047000025
:1058700000F00EF8002801D0FFF780FFAFF30080A2
:105880000020AFF30080FFF7ABFE00F003F800004C
:105890000020704700F000B807463846FCF7BAFC15
:1058A000FBE700000D0A66696C65202573206C69B2
:1058B0006E652025643A2025732E0D0A0000000035
:1058C00004207146084201D0EFF30980EFF308800D
:1058D00000B50149884700BD3D5A091005480146F9
:1058E00003B4684680F30988AFF30080FFF76CFFCC
:1058F000FFF7BEFFA5EDF5FE00127A0000000000E4
:105900000024F400008000000080000000800000FF
:105910000D0A66696C65202573206C696E6520250B
:10592000642E0D0A0000000038B504460D462846D6
:10593000FFF77CFFA84218BF0024204632BD0000BC
:105940000100020004000800100020004000800058
:1059500000010002766F6C746167653A252E32662D
:105960000D0A00004745542D50484153452D4455DC
:105970005459000066696C653A206D646B2F25737D
:1059800000000000417373657274206572726F725B
:10599000000000006572726F7220636D640D0A0072
:1059A00025642C25642C25640D0A0000252E326602
:1059B0002C252E32660D0A005345542D445554595A
:1059C000000000005345542D5A45524F000000007E
:1059D0005345542D504841534500000053544F50F7
:1059E0002D53454E440000004745542D5350454526
:1059F000440000004745542D454E434F4445520056
:105A00004745542D414E474C450000004745542D15
:105A1000564F4C5441474500544553542D5048412E
:105A20005345000066696C653A202573000000004C
:105A30006C696E653A20256400000000816911F8E8
:105A4000021CC9B2016070470000000000000000A5
:105A50000200000001000000666F7277617264004E
:105A6000726576657273650025642C25640D0A00E5
:105A700000000208FFFF070800000000000000000F
:105A80000000000000000000000000000000000016
:105A90000000000000000000000000000000000006
:105AA00000000000000000000000000000000000F6
:105AB00000000000000000000000000000000000E6
:105AC00000000000000000000000000000000000D6
:105AD00000000000000000000000000000000000C6
:105AE00000000000000000000000000000000000B6
:105AF00000000000000000000000000000000000A6
:105B00000000000000000000000000000000000095
:105B10000000000000000000000000000000000085
:105B20000000000036363636FFF7FEBFFFF76EBEC8
:105B3000FFF76CBEFFF76ABEFFF7FEBFFFF7FEBFC1
:105B4000FFF7FEBFFFF7FEBFFFF7FEBFFFF7FEBF89
:105B5000FFF7FEBFFFF7FEBFFFF7FEBFFFF7FEBF79
:105B6000FFF7FEBFF002FF5D4A091004F1FF04F1E8
:105B7000FF04F1FF04F1FF04F19704102400000278
:105B800008000602030105040000040203060501E3
:105B900000E8030000080700008FC2F53D000090F8
:105BA00040001004100620904099E90810A3041248
:105BB000AD0412B70412C10412CB0412D50412DFD3
:105BC0000412E90412F30412FD04100307EA08109A
:105BD0001104121B0412250410050000644000008B
:105BE0006504126304100162402F14124104124B29
:105BF00004126504326F24E360402800030A320176
:105C00007B07000000000000000000000000000012
:105C10000000000000000000000000000000000084
:105C20000000000000000000000000000000000074
:105C30000000000000000000000000000000000064
:105C40000000000000000000000000000000000054
:105C50000000000000000000000000000000000044
:105C60000000000000000000000000000000000034
:105C70000000000000000000000000000000000024
:105C80000000000000000000000000000000000014
:105C90000000000000000000000000000000000004
:065CA000000000000000FE
:04000005100958DDA9
:00000001FF
